image,iter_1,iter_2,iter_3,iter_4,iter_5,iter_6,iter_7,iter_8,iter_9,iter_10,iter_11,iter_12,iter_13,iter_14,iter_15,iter_16
101085_padded,0.3887786070505778,0.7953792413075765,1.3749582767486572,1.7852392196655273,2.1141812801361084,2.440579573313395,2.8004395167032876,3.1350930531819663,3.450739622116089,3.779847780863444,4.093417167663574,4.405232906341553,4.707961002985637,5.062300443649292,5.378132502237956,5.722525914510091
101085_padded,0.3981164296468099,0.7665321826934814,1.1800309816996257,1.6230401198069255,1.976353406906128,2.3199541568756104,2.71645450592041,3.1113526026407876,3.491079489390055,3.860161542892456,4.179747978846232,4.50395925839742,4.835644165674846,5.191034237543742,5.53340204556783,5.881844679514567
101087_padded,0.37226112683614093,0.7474276224772135,1.0954724947611492,1.410387913386027,1.734498659769694,2.086360136667887,2.415070056915283,2.7766385873158774,3.142220894495646,3.4592881202697754,3.8310658931732178,4.192471186319987,4.583005587259929,4.9528530438741045,5.35750150680542,5.711142063140869
102061_padded,0.39209826787312824,0.761999766031901,1.0806721051534016,1.395551602045695,1.7607660293579102,2.2106429735819497,2.550387144088745,2.880873123804728,3.196224848429362,3.5385024547576904,3.8792112668355307,4.2386542956034345,4.566612482070923,4.919362386067708,5.349708477656047,5.684435844421387
103070_padded,0.3968171278635661,0.7734740575154623,1.2385574181874592,1.6112637519836426,1.951943079630534,2.296052932739258,2.6203556060791016,2.9849043687184653,3.409640073776245,3.75731627146403,4.090511639912923,4.429112672805786,4.786216815312703,5.124277273813884,5.45650839805603,5.793466726938884
105025_padded,0.3392326831817627,0.7081319491068522,1.1306219895680745,1.56031068166097,1.918717861175537,2.2447890440622964,2.5947478612264,2.9249738852183023,3.2455212275187173,3.5894792079925537,4.031109015146892,4.36695917447408,4.731326500574748,5.064651091893514,5.391409158706665,5.7388739585876465
106024_padded,0.3517006238301595,0.6952069600423177,1.0749200979868572,1.5757473309834797,1.934453010559082,2.2571284770965576,2.5850937366485596,2.9259111881256104,3.247612714767456,3.607338825861613,4.063980897267659,4.440396547317505,4.7926225662231445,5.1482969125111895,5.5076877276102705,5.825772682825725
108005_padded,0.36312007904052734,0.7118285497029623,1.0880409876505535,1.61567489306132,1.9898784160614014,2.325373649597168,2.729389031728109,3.087125619252523,3.4366461435953775,3.8595329920450845,4.205329974492391,4.548020442326863,4.8978555997212725,5.228038311004639,5.544077793757121,5.893670082092285
108070_padded,0.3452465534210205,0.7383506298065186,1.086435874303182,1.5806172688802083,1.9145094553629558,2.2558651765187583,2.5760809580485025,2.8855931758880615,3.204164425532023,3.552964766820272,3.9825703303019204,4.290827512741089,4.60723090171814,4.960165023803711,5.302520275115967,5.66128396987915
108082_padded,0.3626092274983724,0.7369697093963623,1.1402977307637532,1.7171538670857747,2.1068519751230874,2.5581955115000405,2.9250315030415854,3.3450769583384194,3.697343111038208,4.138237078984578,4.480502128601074,4.8385850588480634,5.205362796783447,5.562601486841838,5.912930885950725,6.313060363133748
109053_padded,0.4379691282908122,0.8146983782450358,1.3332516352335613,1.7724230289459229,2.1351329485575357,2.4952526092529297,2.880703926086426,3.307889382044474,3.755919933319092,4.1180291175842285,4.488980213801066,4.866861661275228,5.3027721246083575,5.669737100601196,6.035404443740845,6.410861889521281
119082_padded,0.38304702440897626,0.7562423547108968,1.1762231190999348,1.6317696571350098,1.998255729675293,2.3529982566833496,2.712234099706014,3.050323009490967,3.4291873772939048,3.8382986386617026,4.178693930308024,4.530888398488362,4.868248621622722,5.229218085606893,5.565892299016316,5.909284353256226
12084_padded,0.37838999430338544,0.7443039417266846,1.202325979868571,1.5956710974375408,2.006577730178833,2.39705220858256,2.723034699757894,3.064887364705404,3.442763169606527,3.930229345957438,4.2920792897542315,4.675562938054402,5.049880186716716,5.395053784052531,5.788665215174357,6.141543467839559
123074_padded,0.43436233202616376,0.7854675451914469,1.2848891417185466,1.7229669094085693,2.1172450383504233,2.4631768067677817,2.8018969694773355,3.1325624783833823,3.504038174947103,3.914296865463257,4.241786559422811,4.562756697336833,4.897725423177083,5.2403552532196045,5.612656911214192,5.980207284291585
126007_padded,0.3722873528798421,0.736504077911377,1.1883963743845622,1.706589698791504,2.0569334824879966,2.432047128677368,2.780969778696696,3.1343533198038735,3.4746994972229004,3.860105117162069,4.2924574216206866,4.6219823360443115,4.967356999715169,5.282511393229167,5.603596846262614,5.944658438364665
130026_padded,0.40477832158406574,0.7435894807179769,1.1042418479919434,1.5956226984659831,1.927316665649414,2.2730250358581543,2.61457626024882,2.955423434575399,3.3178362051645913,3.661752223968506,4.0936868985493975,4.431700785954793,4.809123357137044,5.161068360010783,5.540894826253255,5.8961546421051025
134035_padded,0.3779185612996419,0.7511616547902426,1.2385139465332031,1.6833508809407551,2.035135507583618,2.389047940572103,2.7216931184132895,3.1281255086263022,3.502415100733439,3.944052537282308,4.287903547286987,4.624939997990926,4.962079842885335,5.283895254135132,5.611146291097005,5.960447629292806
14037_padded,0.3974963029225667,0.7515260378519694,1.1890397866566975,1.6237856547037761,1.9947863419850667,2.3861074447631836,2.762948910395304,3.133636951446533,3.5279641151428223,3.935121774673462,4.291676759719849,4.6373326778411865,4.996435085932414,5.33102552096049,5.680583079655965,6.043643554051717
143090_padded,0.3830277919769287,0.736738125483195,1.1658950646718342,2.295116662979126,2.6331178347269693,2.976862112681071,3.307340383529663,3.631046692530314,3.9617230892181396,4.3744025230407715,4.711673180262248,5.038379669189453,5.414275884628296,5.9897886912028,6.8715700308481855,7.429965257644653
145086_padded,0.38333479563395184,0.7399498621622721,1.1084566911061604,1.604923407236735,1.956712245941162,2.2941861947377524,2.6259729067484536,2.937361240386963,3.2792863845825195,3.653979221979777,4.076850970586141,4.405108610788981,4.729103883107503,5.0561286608378095,5.403726100921631,5.740589141845703
147091_padded,0.39602867762247723,0.7723471323649088,1.3225735823313396,1.705675443013509,2.063115437825521,2.416707436243693,2.78514035542806,3.1300418376922607,3.4525988896687827,3.886673927307129,4.233989795049031,4.557159026463826,4.9514594078063965,5.328090985616048,5.648362557093303,5.974221388498942
148026_padded,0.33855438232421875,0.6925795873006185,1.068881909052531,1.5644152164459229,1.8932629426320393,2.2383719285329184,2.5987559954325357,2.9977704683939614,3.4272474447886148,3.8478227456410727,4.219752470652263,4.536489168802897,4.889933983484904,5.217549403508504,5.564125061035156,5.923014322916667
148089_padded,0.3796904881795247,0.7481355667114258,1.1355450948079426,1.6883115768432617,2.0465165774027505,2.375313679377238,2.707577387491862,3.056978146235148,3.394969860712687,3.8179606596628823,4.14761757850647,4.503954569498698,4.852660655975342,5.201928456624349,5.552656491597493,5.912423054377238
156065_padded,0.3682069778442383,0.7291293144226074,1.2067506313323975,1.7195951143900554,2.043416897455851,2.39917786916097,2.743107239405314,3.0711206595102944,3.4156890710194907,3.8403682708740234,4.197211742401123,4.514370997746785,4.8480643431345625,5.194556633631389,5.555881341298421,5.898748477300008
157055_padded,0.3757634162902832,0.7451339562733968,1.196319818496704,1.670110781987508,2.021474520365397,2.4183055559794107,2.8487568696339927,3.174180269241333,3.497768004735311,3.9148309230804443,4.304133653640747,4.647324005762736,4.979520161946614,5.3276950518290205,5.660478989283244,6.035021146138509
159008_padded,0.41351866722106934,0.7715521653493246,1.2609248956044514,1.783336877822876,2.143301169077555,2.5329994360605874,2.8667550086975098,3.225264072418213,3.650001843770345,3.9862311681111655,4.327913522720337,4.66755469640096,5.00635306040446,5.338182767232259,5.676533778508504,6.007106860478719
160068_padded,0.45392457644144696,0.8064641157786051,1.2054675420125325,1.7246105670928955,2.064903974533081,2.4137418270111084,2.794676144917806,3.194916566212972,3.5539406140645347,3.8835298220316568,4.264702955881755,4.721460898717244,5.089911858240764,5.442294279734294,5.787814060846965,6.136985619862874
16077_padded,0.37557276089986164,0.7251990636189779,1.1193985144297283,1.6478598912556965,1.9967702229817708,2.345008611679077,2.689854939778646,3.0494155089060464,3.406304041544596,3.8148131370544434,4.149980386098226,4.494616587956746,4.847361326217651,5.209580659866333,5.560957749684651,5.93258277575175
163085_padded,0.37599627176920575,0.7304248809814453,1.1303038597106934,1.6498406728108723,1.9939781824747722,2.3510690530141196,2.659766356150309,2.9871358076731362,3.345437208811442,3.833181460698446,4.249922513961792,4.593167304992676,4.900117953618367,5.23659873008728,5.569056431452434,6.036837577819824
167062_padded,0.3833264509836833,0.7787890434265137,1.2497743765513103,1.6655166943868,2.002399206161499,2.3507999579111734,2.6870316664377847,3.0674570401509604,3.4909051259358725,3.838440736134847,4.17033036549886,4.49362055460612,4.817349672317505,5.173930009206136,5.503138303756714,5.8504354159037275
167083_padded,0.4091803232828776,0.8482426802317301,1.3669953346252441,1.8704442977905273,2.1997227668762207,2.569631894429525,2.959277629852295,3.309179703394572,3.6774553457895913,4.186020056406657,4.643741766611735,4.980074008305867,5.306845982869466,5.64093804359436,6.003610213597615,6.375871340433757
170057_padded,0.3771367073059082,0.7413434982299805,1.1971468130747478,1.6928261121114094,2.021009604136149,2.3578765392303467,2.7097721894582114,3.0727850596110025,3.4425087769826255,3.906181494394938,4.235936403274536,4.589239994684855,4.946732997894287,5.31057071685791,5.6928004423777265,6.059297164281209
175032_padded,0.3933857282002767,0.783674160639445,1.1518363157908122,1.5228835741678874,1.896199385325114,2.2578325271606445,2.6297481060028076,2.9718435605367026,3.3169549306233725,3.7648403644561768,4.106279770533244,4.451746543248494,4.819993495941162,5.1688292026519775,5.502134641011556,5.819087266921997
175043_padded,0.35526760419209796,0.7071584065755209,1.057201862335205,1.4165274302164714,1.7608147462209065,2.1242850621541343,2.549398342768351,2.9241644541422525,3.2538450558980307,3.6015677452087402,3.9330321153004966,4.325190544128418,4.666033585866292,5.075721184412639,5.43488089243571,5.784985701243083
182053_padded,0.3690185546875,0.7325111230214437,1.0854413509368896,1.448862870534261,1.8049343427022297,2.197140693664551,2.6640490690867105,3.079411427179972,3.4178667863210044,3.782934586207072,4.106964985529582,4.450126489003499,4.814767758051555,5.154638131459554,5.5127105712890625,5.969913562138875
189080_padded,0.3789997100830078,0.7507992585500082,1.1668248176574707,1.5363564491271973,1.9030474026997883,2.253315051396688,2.6640129884084067,3.0383658409118652,3.372595469156901,3.7084474563598633,4.057682037353516,4.486396869023641,4.850706338882446,5.195640007654826,5.556296428044637,5.891825358072917
19021_padded,0.40323980649312335,0.8383297125498453,1.1874841849009197,1.5418293476104736,1.9071304003397624,2.2678798039754233,2.618547201156616,2.9474663734436035,3.3076330025990806,3.640021324157715,3.995987335840861,4.32164200146993,4.684967041015625,5.0270101229349775,5.373998641967773,5.738783200581868
196073_padded,0.36193203926086426,0.7255798975626627,1.0924282868703206,1.4524179299672444,1.8194682598114014,2.173596143722534,2.496121565500895,2.8580315907796225,3.200584808985392,3.543402115503947,3.8913396994272866,4.223138809204102,4.573286612828572,4.926770210266113,5.295461972554524,5.6669712861378985
197017_padded,0.3178714911142985,0.6708064874013265,1.0086304346720378,1.3280574480692546,1.698018471399943,2.0500059922536216,2.396792014439901,2.7374089558919272,3.109060208002726,3.456391970316569,3.78827166557312,4.150290648142497,4.512502193450928,4.852274338404338,5.216244697570801,5.559707164764404
208001_padded,0.3308217525482178,0.6797964572906494,1.0235751469930012,1.3773783842722576,1.7115864753723145,2.0591880480448403,2.3829122384389243,2.73571769396464,3.0927043755849204,3.435044209162394,3.7571775118509927,4.085029284159343,4.443378210067749,4.794780095418294,5.131642023722331,5.474130630493164
210088_padded,0.3678722381591797,0.7414893309275309,1.1279037793477376,1.500596523284912,1.8533660570780437,2.2147717475891113,2.5723889668782554,2.924907684326172,3.271769126256307,3.607671101888021,3.947529951731364,4.278043985366821,4.615424394607544,4.954593181610107,5.283849318822225,5.608678658803304
21077_padded,0.4448849360148112,0.9024081230163574,1.270103136698405,1.6534115473429363,2.0752621491750083,2.5340027809143066,2.9295841058095298,3.3322865962982178,3.7731049060821533,4.327762206395467,4.822603225708008,5.189669291178386,5.934323946634929,6.642837285995483,7.12504784266154,7.588833332061768
216081_padded,0.7437060674031576,1.4748082955678303,1.9522811571757,2.4257706006368003,2.8598670959472656,3.2606606483459473,3.6757057507832847,4.235491037368774,4.849139451980591,5.333545049031575,5.746394872665405,6.320937633514404,6.829567273457845,7.25616455078125,7.667276938756307,8.080108642578125
219090_padded,0.3838644027709961,0.7374692757924398,1.0899471441904705,1.4322256247202556,1.8059626420338948,2.1443994839986167,2.4842804272969565,2.8330597082773843,3.1683433850606284,3.511629104614258,3.845724582672119,4.179287592569987,4.579432964324951,4.949819803237915,5.347791433334351,5.738996744155884
220075_padded,0.39874617258707684,0.7628327210744222,1.1208148797353108,1.5206977526346843,1.9052798748016357,2.240614334742228,2.596141497294108,2.936819076538086,3.2732698917388916,3.63117782274882,3.9728718598683677,4.350018421808879,4.683636506398519,5.006717920303345,5.34301479657491,5.669780015945435
223061_padded,0.3786732355753581,0.7609297434488932,1.1302724679311116,1.5127394199371338,1.8543837070465088,2.283545176188151,2.6732683181762695,3.020312547683716,3.3883728981018066,3.7485504945119223,4.178727547327678,4.564809958140056,4.924868822097778,5.3325066566467285,5.7874337037404375,6.184263865152995
227092_padded,0.36986414591471356,0.7244872252146403,1.0977003574371338,1.4242229461669922,1.7633047103881836,2.1599158445994058,2.5366293589274087,2.962979793548584,3.344578186670939,3.7068656285603843,4.06244969367981,4.399896780649821,4.736746629079183,5.073545932769775,5.3997111320495605,5.760852654774983
229036_padded,0.3654833634694417,0.7119333744049072,1.0920476913452148,1.4461578528086345,1.804497480392456,2.1402663389841714,2.458417812983195,2.7840426762898765,3.1242127418518066,3.4502803484598794,3.805206219355265,4.1553553740183515,4.528267939885457,4.860424518585205,5.203813314437866,5.582626581192017
236037_padded,0.3376634915669759,0.6797947883605957,1.0210239887237549,1.3478082815806072,1.6916797161102295,2.018709897994995,2.382972478866577,2.741427262624105,3.097295045852661,3.45178230603536,3.7949867248535156,4.139225085576375,4.469247738520305,4.815279483795166,5.168593247731526,5.50684396425883
24077_padded,0.3585044542948405,0.720905065536499,1.1140496730804443,1.4919792016347249,1.8656059900919597,2.256044069925944,2.6359461148579917,3.041054884592692,3.477900505065918,3.878093640009562,4.213133732477824,4.571941614151001,5.048419952392578,5.526938756306966,6.02137287457784,6.75005046526591
241004_padded,0.5015271504720052,0.9353823661804199,1.3702025413513184,2.133540709813436,2.7957935333251953,3.4917686780293784,4.150729576746623,4.7359879811604815,5.241059064865112,5.686785062154134,6.07593051592509,6.504236936569214,7.18388311068217,7.777568499247233,8.365036090215048,9.005799372990927
241048_padded,0.5358524322509766,1.0476322174072266,1.5016500155131023,1.9636884530385335,2.4400126139322915,2.953876574834188,3.3508737881978354,3.7216243743896484,4.116205930709839,4.489246686299642,5.10812250773112,5.52849022547404,5.987873713175456,6.401579936345418,6.764801581700643,7.17854889233907
253027_padded,0.39744194348653156,0.7480760415395101,1.0909423828125,1.4363118012746174,1.757289965947469,2.1307713190714517,2.468971570332845,2.8094953695933023,3.166313886642456,3.5292903582255044,3.9094892342885337,4.259936094284058,4.579776207605998,4.915537039438884,5.266762336095174,5.62404187520345
253055_padded,0.41942016283671063,0.779796838760376,1.2320393721262615,1.6252930959065754,2.0025099913279214,2.4068272908528647,2.764627774556478,3.1362080574035645,3.496098518371582,3.8772267500559487,4.195717414220174,4.550145943959554,4.916272481282552,5.266907612482707,5.6066517035166425,5.932406743367513
260058_padded,0.4147528012593587,0.7903842926025391,1.1411916414896648,1.4932531515757244,1.8362308343251545,2.186221122741699,2.5674521923065186,2.9297096729278564,3.270115296045939,3.613773822784424,3.9588539600372314,4.32626740137736,4.728328227996826,5.093331019083659,5.431987444559733,5.791594584782918
271035_padded,0.3919690450032552,0.7682279745737711,1.161242961883545,1.5307719707489014,1.9350915749867756,2.273158152898153,2.6410061518351235,2.986060619354248,3.3138447602589927,3.7011896769205728,4.079301516215007,4.489903052647908,4.8824466069539385,5.288440545399983,5.6153576374053955,5.947702566782634
285079_padded,0.3827820618947347,0.7653510570526123,1.1570907433827717,1.626055637995402,2.07096004486084,2.453196366628011,2.831644296646118,3.2548727989196777,3.6283379395802817,4.082853635152181,4.490388711293538,4.865222930908203,5.309708595275879,5.679357131322225,6.059620221455892,6.470895449320476
291000_padded,0.4075040817260742,0.8212080796559652,1.2316663265228271,1.5896209875742595,1.949480374654134,2.334029038747152,2.7465450763702393,3.1017966270446777,3.4418861865997314,3.85860013961792,4.339882771174113,4.715216398239136,5.066210985183716,5.4314994017283125,5.813879330952962,6.216719547907512
295087_padded,0.38176512718200684,0.7814134756724039,1.2109982172648113,1.5724068482716878,1.9220070838928223,2.311816136042277,2.704534371693929,3.0772871176401773,3.4498159885406494,3.805487553278605,4.194877942403157,4.592036644617717,4.930399656295776,5.273759047190349,5.677369197209676,6.031832456588745
296007_padded,0.3854934374491374,0.7737776438395182,1.1196704705556233,1.4549341996510823,1.812584400177002,2.1347432136535645,2.464664856592814,2.8192528088887534,3.167633136113485,3.4940348466237388,3.8676759401957193,4.228282610575358,4.646994988123576,4.985363324483235,5.332008679707845,5.664601723353068
296059_padded,0.3900960286458333,0.7640455563863119,1.238303581873576,1.6930480003356934,2.045741399129232,2.4311863581339517,2.842965046564738,3.1877302328745523,3.5574084917704263,3.9295407931009927,4.355837504069011,4.720726251602173,5.089803059895833,5.434832016626994,5.785294055938721,6.211044788360596
299086_padded,0.3810628255208333,0.7318127155303955,1.0943423906962078,1.4646678765614827,1.894564946492513,2.275888204574585,2.6717096964518228,3.0626413822174072,3.412558078765869,3.8024462858835855,4.149975299835205,4.554366985956828,4.903473774592082,5.232564767201741,5.573986053466797,5.950759410858154
300091_padded,0.7384912172953287,1.4185128211975098,1.9504762490590413,2.5095593134562173,3.1287310123443604,3.6395395596822104,4.125508387883504,4.5937403837839765,5.1031350294748945,5.569278558095296,6.092222611109416,6.554548263549805,7.0066360632578535,7.527161439259847,8.010322173436483,8.45723271369934
302008_padded,0.33461960156758624,0.6975835164388021,1.1243069171905518,1.5455883344014485,1.968213399251302,2.3846093813578286,2.759721597035726,3.0885609785715737,3.4287702242533364,3.7960254351298013,4.1327903270721436,4.499502976735433,4.908282279968262,5.363953749338786,5.889553467432658,6.362885475158691
304034_padded,0.4468713601430257,0.922187884648641,1.3973374366760254,1.9805715878804524,2.521864414215088,3.0116066932678223,3.352264086405436,3.769165595372518,4.137143691380818,4.482009172439575,4.824528535207112,5.205917517344157,5.653917074203491,6.01497236887614,6.384058554967244,6.730180104573567
304074_padded,0.4789293607076009,0.9034687678019205,1.3761812845865886,1.8741836547851562,2.4004737536112466,2.820955991744995,3.254525899887085,3.7600370248158774,4.27902356783549,4.759979406992595,5.2332931359608965,5.674336353937785,6.042617479960124,6.410278876622518,6.772327820460002,7.1590737501780195
306005_padded,0.48489824930826825,0.9411733150482178,1.4230883916219075,1.8714231650034587,2.3895158767700195,2.84090256690979,3.4083003997802734,3.879106124242147,4.283314148585002,4.699600299199422,5.157083908716838,5.476199547449748,5.84570837020874,6.202409108479817,6.598786433537801,6.95339298248291
3096_padded,0.5351645151774088,1.0086822509765625,1.5024887720743816,1.997229814529419,2.437042792638143,2.9181812604268393,3.348650058110555,3.7774850527445474,4.287503321965535,4.794000228246053,5.260722637176514,5.7143973509470625,6.1550319989522295,6.520723342895508,6.880955616633098,7.221853653589885
33039_padded,0.4696083863576253,0.9507044156392416,1.5076042016347249,1.9390631516774495,2.4626577695210776,2.852497418721517,3.1898476282755532,3.5161503156026206,3.869401693344116,4.2269424597422285,4.560474554697673,4.928935209910075,5.279338200887044,5.649310827255249,6.057133913040161,6.421472549438477
351093_padded,0.4034828344980876,0.8297937711079916,1.1864272753397624,1.595610777537028,1.9378108183542888,2.2902798652648926,2.6552775700887046,3.04574187596639,3.393937905629476,3.7176198959350586,4.063669999440511,4.434249718983968,5.007821957270305,5.380975325902303,5.761781136194865,6.110915422439575
361010_padded,0.4263624350229899,0.8058745861053467,1.2056292692820232,1.5696384112040203,1.9676868120829265,2.2879841327667236,2.6530404885609946,3.032534599304199,3.382441282272339,3.77954896291097,4.178727388381958,4.596888383229573,4.926486492156982,5.275112628936768,5.654958089192708,6.0910782019297285
37073_padded,0.3749682903289795,0.7327961126963297,1.0920270284016926,1.5048904418945312,1.9777386983235676,2.396913766860962,2.810847600301107,3.200265566507975,3.606553872426351,3.9310935338338218,4.256037791570027,4.613156318664551,4.975423812866211,5.294995466868083,5.643188873926799,6.051774501800537
376043_padded,0.4112417697906494,0.8449841340382894,1.2183825174967449,1.6031468709309895,2.00772754351298,2.3630794684092202,2.704923709233602,3.069757064183553,3.422048489252726,3.8245291709899902,4.176367441813151,4.549559672673543,4.928168296813965,5.30096975962321,5.658686399459839,5.988352457682292
38082_padded,0.37581348419189453,0.735913356145223,1.1198261578877766,1.4881293773651123,1.9158722559611003,2.2717271645863852,2.603306611378988,2.9692540963490806,3.371089220046997,3.732086499532064,4.087909619013469,4.475129206975301,4.851804097493489,5.217612266540527,5.592942078908284,5.962316592534383
38092_padded,0.41513562202453613,0.7780582904815674,1.1283814907073975,1.4842340151468914,1.885972499847412,2.2624166011810303,2.695233106613159,3.0434208710988364,3.394710143407186,3.7670435905456543,4.098167498906453,4.4500149091084795,4.7797926266988116,5.142146031061809,5.470041513442993,5.789705038070679
385039_padded,0.3703760306040446,0.7865365346272787,1.1425312360127766,1.5244098504384358,1.861921787261963,2.228360335032145,2.5763402779897056,2.9322301546732583,3.2721637884775796,3.6711300214131675,4.02174973487854,4.408897161483765,4.779011329015096,5.21691091855367,5.581801811854045,6.071249802907308
41033_padded,0.434742530186971,0.8297615051269531,1.315666675567627,1.752259333928426,2.0897790590922036,2.4409268697102866,2.7585550944010415,3.081810712814331,3.435509204864502,3.7930170694986978,4.159144322077434,4.482852061589559,4.825177033742269,5.193918625513713,5.652229309082031,6.078927834828694
41069_padded,0.3888247013092041,0.7510932286580404,1.071049451828003,1.4304587841033936,1.7963812351226807,2.156221071879069,2.582965850830078,3.0375137329101562,3.432941993077596,3.8010148207346597,4.182722091674805,4.619079987208049,5.102074543635051,5.454447269439697,5.8051590124766035,6.190555810928345
42012_padded,0.3977685769399007,0.7897538344065348,1.1741541226704915,1.5068843364715576,1.839247703552246,2.2032203674316406,2.5464280446370444,2.9154871304829917,3.2996925512949624,3.668959617614746,4.0442328453063965,4.377231121063232,4.723849534988403,5.086893081665039,5.439829031626384,5.795641978581746
42049_padded,0.3880452315012614,0.760595957438151,1.1219023863474529,1.4647342363993328,1.8573319911956787,2.2042806148529053,2.5485335191090903,2.9089596271514893,3.2477145195007324,3.6341825326283774,3.9590671062469482,4.348528861999512,4.672102053960164,5.086197694142659,5.436745802561442,5.8217551708221436
43074_padded,0.38967180252075195,0.778023878733317,1.1464250882466633,1.4846689701080322,1.8746410210927327,2.245975653330485,2.6123889287312827,3.014247020085653,3.400903065999349,3.759326219558716,4.092273076375325,4.427668650945027,4.768530368804932,5.151568412780762,5.509921709696452,5.875581979751587
45096_padded,0.37533895174662274,0.8187827269236246,1.1792079607645671,1.597209056218465,2.029581626256307,2.4093337059020996,2.8883322874704995,3.2791760762532554,3.6610315640767417,4.029220263163249,4.408534447352092,4.784698565800984,5.1537403265635175,5.527863581975301,5.959901014963786,6.308380524317424
54082_padded,0.37152878443400067,0.7366317907969157,1.1241301695505779,1.4807307720184326,1.9242376486460369,2.3159815470377603,2.68446946144104,3.022433360417684,3.366910537083944,3.714839140574137,4.055062770843506,4.426358540852864,4.768115599950154,5.124046564102173,5.48152216275533,5.920124292373657
55073_padded,0.40402642885843915,0.7717763582865397,1.154399077097575,1.5572670300801594,1.9235881964365642,2.354263703028361,2.704921245574951,3.064622163772583,3.420761823654175,3.7727115948994956,4.11831267674764,4.4476424853007,4.7694432735443115,5.110334157943726,5.43781574567159,5.765521208445231
58060_padded,0.41910560925801593,0.7938931783040365,1.1575811703999836,1.494724988937378,1.8704959551493328,2.3413241704305015,2.713683605194092,3.0679891109466553,3.4266496499379477,3.835785150527954,4.244587103525798,4.576413631439209,4.935932477315267,5.301495869954427,5.684284925460815,6.049357096354167
62096_padded,0.4764722188313802,0.822738250096639,1.1955809593200684,1.5392250219980876,1.9627893765767415,2.359083334604899,2.6994630495707193,3.107774496078491,3.48853866259257,3.8832849661509194,4.204249143600464,4.593272050221761,4.956183433532715,5.344999472300212,5.671162764231364,6.004741350809733
65033_padded,0.4305597146352132,0.8047386010487875,1.1418348948160808,1.5011405944824219,1.8202746709187825,2.130951166152954,2.494377692540487,2.819807449976603,3.168665091196696,3.514748970667521,3.8750200271606445,4.302751382191976,4.657809893290202,5.012086232503255,5.363555113474528,5.7145041624705
66053_padded,0.37445823351542157,0.7873616218566895,1.24058731396993,1.6753331820170085,2.0622597535451255,2.4189557234446206,2.751503864924113,3.08501664797465,3.422820965449015,3.7858553727467856,4.1230348745981855,4.458124319712321,4.804803053538005,5.1644753615061445,5.512468338012695,5.904755592346191
69015_padded,0.40677809715270996,0.7675396601359049,1.1615626017252605,1.5401441256205242,1.9347872734069824,2.3550912539164224,2.7895359992980957,3.1575122674306235,3.5003671646118164,3.869360367457072,4.234049717585246,4.6131993134816485,4.946494976679484,5.308156967163086,5.693829695383708,6.100528001785278
69020_padded,0.3771538734436035,0.7466771602630615,1.179145097732544,1.5535385608673096,1.921618143717448,2.355583826700846,2.7607315381368003,3.1022143363952637,3.4576653639475503,3.820457696914673,4.206602176030477,4.615238189697266,4.960535128911336,5.336362918217977,5.67968225479126,5.990987062454224
69040_padded,0.37558523813883465,0.7457221349080404,1.087985595067342,1.436167319615682,1.8130608399709065,2.1515870094299316,2.5821379025777182,3.002422650655111,3.3312723636627197,3.707842985788981,4.123118162155151,4.452677090962728,4.817041953404744,5.1408759752909345,5.529413779576619,5.989192088445027
76053_padded,0.3830236593882243,0.7064270178476969,1.0720192591349285,1.4203011989593506,1.7365822792053223,2.064031442006429,2.4225738048553467,2.7392998536427817,3.091707388559977,3.4514548778533936,3.7766953309377036,4.181651592254639,4.502584616343181,4.861966371536255,5.193424781163533,5.536218961079915
78004_padded,0.373806635538737,0.8202374776204427,1.2623400688171387,1.6477782726287842,2.023958683013916,2.4193966388702393,2.8324673970540366,3.2394041220347085,3.589777151743571,3.9474584261576333,4.304050445556641,4.768543720245361,5.107638120651245,5.46237325668335,5.793929100036621,6.136048237482707
8023_padded,0.3728109995524089,0.823472261428833,1.1908342043558757,1.5651289621988933,1.9152803421020508,2.2573965390523276,2.594026962916056,2.946554183959961,3.298100789388021,3.7781190077463784,4.184891064961751,4.566761652628581,5.093050559361775,5.440332412719727,5.784397602081299,6.152429660161336
85048_padded,0.4527442455291748,0.8567018508911133,1.2996048132578533,1.7395068804423015,2.109919468561808,2.491504430770874,2.8242700894673667,3.1876629988352456,3.5570645332336426,3.932366053263346,4.331425905227661,4.707428932189941,5.0772340297698975,5.415884653727214,5.763182640075684,6.108805338541667
86000_padded,0.41946665445963544,0.9445452690124512,1.3645253976186116,1.7538936932881672,2.1141881942749023,2.4745825926462808,2.794707934061686,3.1242144107818604,3.5240297317504883,3.9292001724243164,4.261092344919841,4.682566086451213,5.098424832026164,5.493790785471599,5.94971760114034,6.380764404932658
86016_padded,0.3433522383371989,0.6955823103586832,1.0372503598531086,1.3792939980824788,1.7407609621683757,2.08242400487264,2.511514107386271,2.854454278945923,3.19779102007548,3.5688513914744058,3.905320167541504,4.284215052922566,4.684414704640706,5.026619116465251,5.366807619730632,5.728992938995361
86068_padded,0.3515810966491699,0.6690261363983154,1.0381951332092285,1.4088356494903564,1.8087510267893474,2.133622487386068,2.4849263032277427,2.814668337504069,3.17495067914327,3.5507047971089682,3.887543519337972,4.227254867553711,4.612524032592773,5.01038122177124,5.368592818578084,5.71161953608195
87046_padded,0.4471906026204427,0.8466579914093018,1.234847863515218,1.7269888718922932,2.1120835145314536,2.478426933288574,2.834957758585612,3.2554996013641357,3.6191314856211343,3.9528462886810303,4.333604017893474,4.68677035967509,5.029477993647258,5.364560842514038,5.841835260391235,6.175449291865031
89072_padded,0.39397621154785156,0.7602046330769857,1.1122818787892659,1.4671979745229085,1.9006319046020508,2.276055335998535,2.618879715601603,2.9870756467183432,3.365752617518107,3.753166913986206,4.146239837010701,4.4767881234486895,4.818898677825928,5.20401914914449,5.655731916427612,6.0180918375651045
97033_padded,0.3624710241953532,0.7432922522226969,1.1226040522257488,1.4930821259816487,1.8471134503682454,2.2481155395507812,2.5904525915781655,2.954465468724569,3.28762420018514,3.6528499921162925,3.967582941055298,4.3233944574991865,4.681979815165202,5.051500717798869,5.380549987157186,5.708571354548137
