lr,batch_size,hidden_size,iter_fc,epoch,train_loss,val_loss,phase
0.01,16,64,16,1,2.4658754327254635,0.48189301159232856,tune
0.01,16,64,16,2,0.41534581309450525,0.5028097900748253,tune
0.01,16,64,16,3,0.4130174668026822,0.47926184847950937,tune
0.01,16,64,16,4,0.41564725056290625,0.6325512744486332,tune
0.01,16,64,16,5,0.42445325265505485,0.47869233168661596,tune
0.01,16,64,16,6,0.4227291484150503,0.49320182094350457,tune
0.01,16,64,16,7,0.42794729924095526,0.47814140632748603,tune
0.01,16,64,16,8,0.4216452631939735,0.47718449641019106,tune
0.01,16,64,16,9,0.42605298189180235,0.5499689171463251,tune
0.01,16,64,16,10,0.4241368284901338,0.5045416382327675,tune
0.01,16,64,16,11,0.42647819142256466,0.4934496184438467,tune
0.01,16,64,16,12,0.4237379874448691,0.49351229205727576,tune
0.01,16,64,16,13,0.41903462364737476,0.49055520743131636,tune
0.01,16,64,32,1,0.8944144377192216,0.49228342831134797,tune
0.01,16,64,32,2,0.4397072339749762,0.4780303046293557,tune
0.01,16,64,32,3,0.4391372456827334,0.47796713531017304,tune
0.01,16,64,32,4,0.43185647812805006,0.49318099541589616,tune
0.01,16,64,32,5,0.4417223237082362,0.6486683242022991,tune
0.01,16,64,32,6,0.4387320924656732,0.5202056851238013,tune
0.01,16,64,32,7,0.4315234743963395,0.4899279657378793,tune
0.01,16,64,32,8,0.43018556108698247,0.474298456273973,tune
0.01,16,64,32,9,0.42264616999775173,0.47120316250249744,tune
0.01,16,64,32,10,0.4195082609940852,0.4958005077950656,tune
0.01,16,64,32,11,0.4179528772032687,0.4660521359741688,tune
0.01,16,64,32,12,0.42009218133453813,0.4787681494653225,tune
0.01,16,64,32,13,0.4347972390002438,0.4754183256067336,tune
0.01,16,64,32,14,0.4187591407873801,0.48161253608763216,tune
0.01,16,64,32,15,0.4155071621015668,0.47200960480608045,tune
0.01,16,64,32,16,0.419671429656446,0.49553023602813484,tune
0.01,16,128,16,1,1.7132298439395215,0.48870898261666296,tune
0.01,16,128,16,2,0.419773527495563,0.4785148445703089,tune
0.01,16,128,16,3,0.4413834862251367,0.47818180587142706,tune
0.01,16,128,16,4,0.43320630504084484,0.4838577316142619,tune
0.01,16,128,16,5,0.4320349479253803,0.5445236600376666,tune
0.01,16,128,16,6,0.4345783854701689,0.4802766218781471,tune
0.01,16,128,16,7,0.4316440169460007,0.5365612436085939,tune
0.01,16,128,16,8,0.4253648738722716,0.4835000981390476,tune
0.01,16,128,32,1,3.1905271634885244,0.4807779919728637,tune
0.01,16,128,32,2,0.41860542966851166,0.5516261453926563,tune
0.01,16,128,32,3,0.4301024957799486,0.4841994317620993,tune
0.01,16,128,32,4,0.42589634061657955,0.4802597157098353,tune
0.01,16,128,32,5,0.4325865204951593,0.4879962857067585,tune
0.01,16,128,32,6,0.42924586234880346,0.4791152390278876,tune
0.01,16,128,32,7,0.423482206083302,0.4859266803599894,tune
0.01,16,128,32,8,0.42940610749913116,0.4809886416234076,tune
0.01,16,128,32,9,0.4265482631219285,0.4877640624344349,tune
0.01,16,128,32,10,0.4267450439184904,0.4945505924895406,tune
0.01,16,128,32,11,0.42999299684273345,0.49170745169743896,tune
0.01,32,64,16,1,1.9297237819007464,0.5407696604728699,tune
0.01,32,64,16,2,0.448030711135694,0.49325948998332025,tune
0.01,32,64,16,3,0.42530123846871515,0.47581083089113235,tune
0.01,32,64,16,4,0.4133726333933217,0.45438223719596865,tune
0.01,32,64,16,5,0.40106215227927483,0.4359007578343153,tune
0.01,32,64,16,6,0.3974391286287989,0.42059046976268294,tune
0.01,32,64,16,7,0.386368173956871,0.44389353051781655,tune
0.01,32,64,16,8,0.3669933882994311,0.3907897789776325,tune
0.01,32,64,16,9,0.3425679244739669,0.3900387489795685,tune
0.01,32,64,16,10,0.29231867841311865,0.3961725539714098,tune
0.01,32,64,16,11,0.26940781069653374,0.3759154274314642,tune
0.01,32,64,16,12,0.3264090897994382,0.392922914326191,tune
0.01,32,64,16,13,0.28186086054359166,0.2716451653838158,tune
0.01,32,64,16,14,0.25419325700828005,0.21287712149322033,tune
0.01,32,64,16,15,0.27135794628943716,0.2799010701477528,tune
0.01,32,64,16,16,0.24385080352425575,0.22035106807947158,tune
0.01,32,64,16,17,0.18265775061079434,0.1569028191268444,tune
0.01,32,64,16,18,0.17063289386885508,0.19847592584788798,tune
0.01,32,64,16,19,0.33322213449648447,0.48742369294166565,tune
0.01,32,64,16,20,0.4122354686898845,0.4810135156661272,tune
0.01,32,64,16,21,0.41294136632766043,0.4803676392883062,tune
0.01,32,64,16,22,0.4117493167093822,0.47700150214135645,tune
0.01,32,64,32,1,0.8992901791632175,0.49945971608161926,tune
0.01,32,64,32,2,0.4436015588896615,0.47618574857711793,tune
0.01,32,64,32,3,0.41737477632505554,0.4680444983392954,tune
0.01,32,64,32,4,0.4041165079815047,0.4597393149137497,tune
0.01,32,64,32,5,0.39270279901368277,0.45804807960987093,tune
0.01,32,64,32,6,0.3860428993723222,0.40909212961792946,tune
0.01,32,64,32,7,0.36092590117028783,0.5016633567214012,tune
0.01,32,64,32,8,0.4196633185659136,0.5007882225513458,tune
0.01,32,64,32,9,0.42392294753875054,0.4903384368121624,tune
0.01,32,64,32,10,0.4154992226191929,0.47687034636735914,tune
0.01,32,64,32,11,0.4237464784298624,0.4890500994026661,tune
0.01,32,128,16,1,0.8293398341536522,0.48567363023757937,tune
0.01,32,128,16,2,0.42101140093590533,0.5273994506895542,tune
0.01,32,128,16,3,0.42150471584073135,0.4737755835801363,tune
0.01,32,128,16,4,0.4111261876140322,0.4642840550094843,tune
0.01,32,128,16,5,0.4081349897597517,0.5262976129353046,tune
0.01,32,128,16,6,0.40233303738491877,0.4769198405742645,tune
0.01,32,128,16,7,0.40010303124785424,0.4868929436802864,tune
0.01,32,128,16,8,0.4155285268170493,0.48307236537337306,tune
0.01,32,128,16,9,0.4213064385950565,0.599157904535532,tune
0.01,32,128,32,1,1.0000622008740903,0.49114398822188376,tune
0.01,32,128,32,2,0.4149130695419652,0.4726992781460285,tune
0.01,32,128,32,3,0.4128101701395852,0.4609203591942787,tune
0.01,32,128,32,4,0.40530320493238314,0.417633031308651,tune
0.01,32,128,32,5,0.367186165196555,0.3873110082745552,tune
0.01,32,128,32,6,0.3406433077795165,0.24359797544777392,tune
0.01,32,128,32,7,0.3477909897054945,0.39989695891737936,tune
0.01,32,128,32,8,0.3454532090893814,0.4029396219551563,tune
0.01,32,128,32,9,0.3567352003071989,0.43226940780878065,tune
0.01,32,128,32,10,0.34696914330124856,0.3452874457091093,tune
0.01,32,128,32,11,0.3300822435745171,0.4294682690501213,tune
0.001,16,64,16,1,1.9053112529005323,0.5306239230185748,tune
0.001,16,64,16,2,0.42801592393645216,0.47095391623675825,tune
0.001,16,64,16,3,0.40639622476484094,0.4889527264237404,tune
0.001,16,64,16,4,0.3935576044129474,0.4444278961420059,tune
0.001,16,64,16,5,0.3961132801111255,0.4443476455658674,tune
0.001,16,64,16,6,0.3639179557242564,0.37258412573486566,tune
0.001,16,64,16,7,0.3628423849812576,0.40220255210995676,tune
0.001,16,64,16,8,0.3488565896451473,0.3949343712255359,tune
0.001,16,64,16,9,0.33567444848162786,0.35355756618082523,tune
0.001,16,64,16,10,0.30049183538449664,0.35132680505514147,tune
0.001,16,64,16,11,0.2685913624614477,0.2582997420988977,tune
0.001,16,64,16,12,0.19622225398996046,0.1699817927926779,tune
0.001,16,64,16,13,0.15963157835815633,0.30648179672658443,tune
0.001,16,64,16,14,0.17978373936776604,0.12309656154364347,tune
0.001,16,64,16,15,0.11785362895578146,0.12720686059445144,tune
0.001,16,64,16,16,0.11785362895578146,0.12720686059445144,tune
0.001,16,64,16,17,0.12414511563522475,0.1371848640963435,tune
0.001,16,64,16,18,0.10370659540806498,0.08863725570961833,tune
0.001,16,64,16,19,0.09955885610410145,0.07168140141293407,tune
0.001,16,64,16,20,0.07598608814179897,0.06745855831541121,tune
0.001,16,64,16,21,0.07065370632335544,0.09577840244397522,tune
0.001,16,64,16,22,0.10790545223014696,0.06152877380140126,tune
0.001,16,64,16,23,0.07946030224939542,0.06575068715959788,tune
0.001,16,64,16,24,0.07258517056836614,0.056791211301460864,tune
0.001,16,64,16,25,0.07585305353360516,0.07379369461908937,tune
0.001,16,64,16,26,0.06253644903722619,0.06358090187422931,tune
0.001,16,64,16,27,0.07202593013511173,0.06181461198721081,tune
0.001,16,64,16,28,0.07147451614162752,0.04878005637321621,tune
0.001,16,64,16,29,0.049880718403894984,0.06510312679223716,tune
0.001,16,64,16,30,0.06544952621683478,0.13938131844624876,tune
0.001,16,64,16,31,0.06739783551211335,0.060932862590998414,tune
0.001,16,64,16,32,0.05905090148294611,0.06460550098214299,tune
0.001,16,64,16,33,0.06207118987904063,0.06430340390652418,tune
0.001,16,64,32,1,1.4510467998683452,0.5172609974443912,tune
0.001,16,64,32,2,0.4308937009956155,0.4965598747879267,tune
0.001,16,64,32,3,0.3899024856143764,0.41699260026216506,tune
0.001,16,64,32,4,0.3746372532312359,0.38544977124780416,tune
0.001,16,64,32,5,0.3406513487707291,0.353710997030139,tune
0.001,16,64,32,6,0.3059397336947066,0.312880942337215,tune
0.001,16,64,32,7,0.2541036023039903,0.2317128622531891,tune
0.001,16,64,32,8,0.20343712099428687,0.16098310269415378,tune
0.001,16,64,32,9,0.16146038693508932,0.13809063518419862,tune
0.001,16,64,32,10,0.16522331334118331,0.14032167300581933,tune
0.001,16,64,32,11,0.11897599981831652,0.16776859987527132,tune
0.001,16,64,32,12,0.12637665982491203,0.10851974294520915,tune
0.001,16,64,32,13,0.10017084237720285,0.09974035324528813,tune
0.001,16,64,32,14,0.10183682842712317,0.08206846928223968,tune
0.001,16,64,32,15,0.08253117167656975,0.10003882508724928,tune
0.001,16,64,32,16,0.12476198724337986,0.0738568382151425,tune
0.001,16,64,32,17,0.08049937723470586,0.06188948234543204,tune
0.001,16,64,32,18,0.0740305224885898,0.13254374258220195,tune
0.001,16,64,32,19,0.07208452969124275,0.07390927522443234,tune
0.001,16,64,32,20,0.064873691541808,0.054015864040702584,tune
0.001,16,64,32,21,0.061594120816194586,0.10484961798414588,tune
0.001,16,64,32,22,0.06576403942491327,0.05121277245692909,tune
0.001,16,64,32,23,0.056667370203483315,0.06640384890604764,tune
0.001,16,64,32,24,0.056954344723905835,0.07854760514572262,tune
0.001,16,64,32,25,0.06809016660720642,0.04689128539059311,tune
0.001,16,64,32,26,0.06273156926834157,0.04486308586783707,tune
0.001,16,64,32,27,0.05006758781016937,0.058068740516901016,tune
0.001,16,64,32,28,0.05031041164682912,0.06629872404038906,tune
0.001,16,64,32,29,0.05252104623376259,0.09082773864269257,tune
0.001,16,64,32,30,0.057226029522717,0.10902206148952245,tune
0.001,16,64,32,31,0.0538450686833156,0.05368349212221801,tune
0.001,16,128,16,1,1.7235348563747748,0.5613885264843702,tune
0.001,16,128,16,2,0.4297469040751457,0.4775638855993748,tune
0.001,16,128,16,3,0.4322173544285553,0.4631642446666956,tune
0.001,16,128,16,4,0.39968850243304455,0.43792793065309527,tune
0.001,16,128,16,5,0.37616302417857306,0.40418203953653575,tune
0.001,16,128,16,6,0.361364047399589,0.35441172450780867,tune
0.001,16,128,16,7,0.3171212855034641,0.5267145608365535,tune
0.001,16,128,16,8,0.25781932103846755,0.20416006442159415,tune
0.001,16,128,16,9,0.17004639888448375,0.17989101983606814,tune
0.001,16,128,16,10,0.1755082596199853,0.13411739271134138,tune
0.001,16,128,16,11,0.17776251244225671,0.15650920774787663,tune
0.001,16,128,16,12,0.15717022412057433,0.1518576855957508,tune
0.001,16,128,16,13,0.12837461525308233,0.11064296195283532,tune
0.001,16,128,16,14,0.10807825165933796,0.1263657322898507,tune
0.001,16,128,16,15,0.10736088796917881,0.1310128048900515,tune
0.001,16,128,16,16,0.08818371658346483,0.12410814778879285,tune
0.001,16,128,16,17,0.09093011915949839,0.09198624020442367,tune
0.001,16,128,16,18,0.06830619130549687,0.09545945565216243,tune
0.001,16,128,16,19,0.07637211494147778,0.08092127450741828,tune
0.001,16,128,16,20,0.060256818647363354,0.06468219246715307,tune
0.001,16,128,16,21,0.0689173876840089,0.05436865692958236,tune
0.001,16,128,16,22,0.06321685855676021,0.10908923797309399,tune
0.001,16,128,16,23,0.07304500417052102,0.054124883692711595,tune
0.001,16,128,16,24,0.06597250585311225,0.05505484740715474,tune
0.001,16,128,16,25,0.0426433763872566,0.05029380966443568,tune
0.001,16,128,16,26,0.061240715754351444,0.11229632467031479,tune
0.001,16,128,16,27,0.056263653890096715,0.057420449149794876,tune
0.001,16,128,16,28,0.06950922027097217,0.041354538151063026,tune
0.001,16,128,16,29,0.05494783165997692,0.058775825584307315,tune
0.001,16,128,16,30,0.06707066996422197,0.058341556671075524,tune
0.001,16,128,16,31,0.05851716356218926,0.06360901416279376,tune
0.001,16,128,16,32,0.05209602946748159,0.07581511574331672,tune
0.001,16,128,16,33,0.05870525556084301,0.054642442995682355,tune
0.001,16,128,32,1,1.2408459053082126,0.5216795608401299,tune
0.001,16,128,32,2,0.44069338156176463,0.47504862051457164,tune
0.001,16,128,32,3,0.412734857446381,0.46517955381423237,tune
0.001,16,128,32,4,0.4080214538425207,0.4401467144116759,tune
0.001,16,128,32,5,0.4080214538425207,0.4401467144116759,tune
0.001,16,128,32,6,0.4080214538425207,0.4401467144116759,tune
0.001,16,128,32,7,0.33748273516339916,0.37997102938592436,tune
0.001,16,128,32,8,0.29717831443995235,0.2886937617324293,tune
0.001,16,128,32,9,0.23972336317279508,0.20066087346524,tune
0.001,16,128,32,10,0.18464780880936554,0.1776897582784295,tune
0.001,16,128,32,11,0.13410137231860841,0.17823197100311516,tune
0.001,16,128,32,12,0.1353995320041265,0.1299374996125698,tune
0.001,16,128,32,13,0.09308460818869727,0.21213126130402088,tune
0.001,16,128,32,14,0.11756308379450015,0.12569853609427808,tune
0.001,16,128,32,15,0.10159197568893433,0.09701530732214451,tune
0.001,16,128,32,16,0.09163627105365907,0.07490378443151713,tune
0.001,16,128,32,17,0.08615703104329961,0.07718659712001681,tune
0.001,16,128,32,18,0.0824672163597175,0.060479729836806655,tune
0.001,16,128,32,19,0.07012424486290131,0.19844794066622853,tune
0.001,16,128,32,20,0.0711142068848546,0.05274057083297521,tune
0.001,16,128,32,21,0.0812967977646206,0.05921509957872331,tune
0.001,16,128,32,22,0.057709049779389586,0.14710414692759513,tune
0.001,16,128,32,23,0.051013765422893424,0.06806264870800077,tune
0.001,16,128,32,24,0.0692843182411577,0.08649503694847226,tune
0.001,16,128,32,25,0.06321489794578936,0.059951232681050896,tune
0.001,32,64,16,1,3.193604061944144,1.376100378036499,tune
0.001,32,64,16,2,0.7882345264298575,0.552347406744957,tune
0.001,32,64,16,3,0.43643626555800435,0.505363332182169,tune
0.001,32,64,16,4,0.4107422714999744,0.47895530730485913,tune
0.001,32,64,16,5,0.3966813946196011,0.44203346595168114,tune
0.001,32,64,16,6,0.3966813946196011,0.44203346595168114,tune
0.001,32,64,16,7,0.3966813946196011,0.44203346595168114,tune
0.001,32,64,16,8,0.3572490875635828,0.3926886633038521,tune
0.001,32,64,16,9,0.3516938165255955,0.37951076120138166,tune
0.001,32,64,16,10,0.34526588099343436,0.35988241985440256,tune
0.001,32,64,16,11,0.33164442264607974,0.3481563946604729,tune
0.001,32,64,16,12,0.32439853806580815,0.33657788917422293,tune
0.001,32,64,16,13,0.30878838549767224,0.3235327400267124,tune
0.001,32,64,16,14,0.29248322446431435,0.3396412496268749,tune
0.001,32,64,16,15,0.283017116018704,0.29674116149544716,tune
0.001,32,64,16,16,0.2470873101268496,0.26771352395415304,tune
0.001,32,64,16,17,0.20327646074550493,0.19034017041325568,tune
0.001,32,64,16,18,0.17509548942957606,0.15675889857113362,tune
0.001,32,64,16,19,0.19422609657049178,0.15807872772216797,tune
0.001,32,64,16,20,0.141540296460901,0.1235054687410593,tune
0.001,32,64,16,21,0.1227596210369042,0.1160689165443182,tune
0.001,32,64,16,22,0.11507789678871631,0.12244604125618935,tune
0.001,32,64,16,23,0.12148402209792818,0.10309401895850896,tune
0.001,32,64,16,24,0.10829094211970057,0.10727445103228092,tune
0.001,32,64,16,25,0.09669273690453598,0.09758865103125572,tune
0.001,32,64,16,26,0.09031541110149452,0.09977690026164054,tune
0.001,32,64,16,27,0.14170547012771878,0.09089286033064127,tune
0.001,32,64,16,28,0.09214781235371317,0.08490851260721684,tune
0.001,32,64,16,29,0.08990393835519041,0.08925319626927376,tune
0.001,32,64,16,30,0.08833992316254548,0.08043243093416094,tune
0.001,32,64,16,31,0.08375186387981687,0.11020954266190529,tune
0.001,32,64,16,32,0.08087192134665591,0.07356046725064516,tune
0.001,32,64,16,33,0.07990910094763551,0.06919917196035386,tune
0.001,32,64,16,34,0.07143710038491657,0.09508706111460924,tune
0.001,32,64,16,35,0.07519028308668307,0.06724702410399913,tune
0.001,32,64,16,36,0.0724340312502214,0.10702200502157211,tune
0.001,32,64,16,37,0.07127719499702964,0.06903713833540678,tune
0.001,32,64,16,38,0.06890188611511673,0.08904443930834532,tune
0.001,32,64,16,39,0.06943516846746206,0.059959259368479255,tune
0.001,32,64,16,40,0.05774374300347907,0.07830655630677938,tune
0.001,32,64,16,41,0.06428070509007999,0.059620114509016275,tune
0.001,32,64,16,42,0.08042371747749193,0.12471765734255313,tune
0.001,32,64,16,43,0.0729239150722112,0.05883649865165353,tune
0.001,32,64,16,44,0.05940204722540719,0.04927976990118623,tune
0.001,32,64,16,45,0.05963814940835748,0.06877482295036316,tune
0.001,32,64,16,46,0.05642663273960352,0.056324854902923105,tune
0.001,32,64,16,47,0.05795290186469044,0.057342715915292504,tune
0.001,32,64,16,48,0.05125553260424307,0.06025961093604565,tune
0.001,32,64,16,49,0.05477711866742798,0.055095582958310844,tune
0.001,32,64,32,1,2.3645915646212443,0.5598419794440269,tune
0.001,32,64,32,2,0.46023885428905487,0.48856271013617514,tune
0.001,32,64,32,3,0.4052198929658958,0.4476734420657158,tune
0.001,32,64,32,4,0.3880285999604634,0.4429195750504732,tune
0.001,32,64,32,5,0.3865830022096634,0.4248921197652817,tune
0.001,32,64,32,6,0.363113226549966,0.39398470997810364,tune
0.001,32,64,32,7,0.3479235107558114,0.3725709001719952,tune
0.001,32,64,32,8,0.3356604909045356,0.3634446369111538,tune
0.001,32,64,32,9,0.31671462525214467,0.3523359067738056,tune
0.001,32,64,32,10,0.302551033283983,0.3186147712171078,tune
0.001,32,64,32,11,0.2855026809871197,0.27876046642661095,tune
0.001,32,64,32,12,0.24813895917364528,0.2361148177087307,tune
0.001,32,64,32,13,0.21548908425228935,0.22505727052688598,tune
0.001,32,64,32,14,0.1840773399599961,0.16487985655665396,tune
0.001,32,64,32,15,0.14999598609549658,0.2130969588458538,tune
0.001,32,64,32,16,0.17303072407841683,0.11654013730585575,tune
0.001,32,64,32,17,0.12228355161845685,0.12407187897711992,tune
0.001,32,64,32,18,0.10423588289746216,0.13502948828041553,tune
0.001,32,64,32,19,0.10030119021024023,0.0961443068087101,tune
0.001,32,64,32,20,0.09663070663809777,0.08623893924057484,tune
0.001,32,64,32,21,0.09145271099571671,0.15044089078903197,tune
0.001,32,64,32,22,0.0918246476245778,0.0786746895313263,tune
0.001,32,64,32,23,0.07358304009905883,0.07882109303027392,tune
0.001,32,64,32,24,0.07532491082059485,0.08734877776354551,tune
0.001,32,64,32,25,0.07402471179408686,0.06874892387539148,tune
0.001,32,64,32,26,0.07109973181039095,0.0651828796416521,tune
0.001,32,64,32,27,0.05988947561808995,0.05808977425098419,tune
0.001,32,64,32,28,0.06175591929682663,0.08563255697488785,tune
0.001,32,64,32,29,0.07683805741369724,0.0737315983325243,tune
0.001,32,64,32,30,0.07010683138987847,0.08098501116037368,tune
0.001,32,64,32,31,0.05974949977759804,0.053206010274589065,tune
0.001,32,64,32,32,0.06020695055169718,0.06622411979362369,tune
0.001,32,64,32,33,0.06963070810905525,0.07028850927948951,tune
0.001,32,64,32,34,0.061781843097082206,0.06018817665055394,tune
0.001,32,64,32,35,0.05244057681145413,0.0886242863535881,tune
0.001,32,64,32,36,0.058768534532615116,0.061787843648344276,tune
0.001,32,128,16,1,1.7158556381293706,0.5869912387430668,tune
0.001,32,128,16,2,0.45173550954886843,0.4772390140593052,tune
0.001,32,128,16,3,0.40196943153228076,0.4751611751317978,tune
0.001,32,128,16,4,0.375298895580428,0.43054191276431086,tune
0.001,32,128,16,5,0.3663792860507965,0.38684019550681115,tune
0.001,32,128,16,6,0.34062085664698055,0.3836538505554199,tune
0.001,32,128,16,7,0.3300870133297784,0.389263821542263,tune
0.001,32,128,16,8,0.3028766393661499,0.32597862005233763,tune
0.001,32,128,16,9,0.28002215189593177,0.2769846199452877,tune
0.001,32,128,16,10,0.23279105207749776,0.24198348224163055,tune
0.001,32,128,16,11,0.19067363059946468,0.18617779091000558,tune
0.001,32,128,16,12,0.1657058609383447,0.2045899498462677,tune
0.001,32,128,16,13,0.1370313580972808,0.14349637724459172,tune
0.001,32,128,16,14,0.12791829586029052,0.19762490324676038,tune
0.001,32,128,16,15,0.11238488460225718,0.12486211497336626,tune
0.001,32,128,16,16,0.11369590048279081,0.1736438938230276,tune
0.001,32,128,16,17,0.11298547359449523,0.1278944633156061,tune
0.001,32,128,16,18,0.11086267283984592,0.11303616605699063,tune
0.001,32,128,16,19,0.0980841043059315,0.12213833190500736,tune
0.001,32,128,16,20,0.08118673871670451,0.1696435497701168,tune
0.001,32,128,16,21,0.09342300509767873,0.07672670736908913,tune
0.001,32,128,16,22,0.07484368709581239,0.08140150811523199,tune
0.001,32,128,16,23,0.06461546942059483,0.06112084623426199,tune
0.001,32,128,16,24,0.07040099644235202,0.058523349054157736,tune
0.001,32,128,16,25,0.059188360130148276,0.06822279833257199,tune
0.001,32,128,16,26,0.06938814645899194,0.05723669758066535,tune
0.001,32,128,16,27,0.057072257686938556,0.06677723541855812,tune
0.001,32,128,16,28,0.05833469635141748,0.052785772755742075,tune
0.001,32,128,16,29,0.05103066307093416,0.08207836929708719,tune
0.001,32,128,16,30,0.07189768177058016,0.07106622273102403,tune
0.001,32,128,16,31,0.05273569576974426,0.06896717699244619,tune
0.001,32,128,16,32,0.048084626054125175,0.050638449285179375,tune
0.001,32,128,16,33,0.04498206400179437,0.07054672852158546,tune
0.001,32,128,16,34,0.0820569714850613,0.05501154817640781,tune
0.001,32,128,16,35,0.05136857576136078,0.04369896404445171,tune
0.001,32,128,16,36,0.050337395971374856,0.04822330370545387,tune
0.001,32,128,16,37,0.050606650835169215,0.053678566310554746,tune
0.001,32,128,16,38,0.05182656435029847,0.05455509366467595,tune
0.001,32,128,16,39,0.04703251224543367,0.04721217229962349,tune
0.001,32,128,16,40,0.04300206571817398,0.05045149561017752,tune
0.001,32,128,32,1,2.571868440423693,0.5581065675616265,tune
0.001,32,128,32,2,0.438087453437703,0.5186358633637428,tune
0.001,32,128,32,3,0.4188799157525812,0.48580583691596985,tune
0.001,32,128,32,4,0.41468976078288894,0.5924895630776882,tune
0.001,32,128,32,5,0.41214285175715176,0.4523224885761738,tune
0.001,32,128,32,6,0.382902457096747,0.47560042947530745,tune
0.001,32,128,32,7,0.3754397989170892,0.4254146571457386,tune
0.001,32,128,32,8,0.3731899889664991,0.415336636453867,tune
0.001,32,128,32,9,0.34135497118745534,0.37744897946715356,tune
0.001,32,128,32,10,0.32866431317159106,0.34095887362957,tune
0.001,32,128,32,11,0.32662723945719857,0.32983789682388304,tune
0.001,32,128,32,12,0.3006067886522838,0.3075019247084856,tune
0.001,32,128,32,13,0.2865784397508417,0.29470558524131774,tune
0.001,32,128,32,14,0.2801553194437708,0.34711670339107514,tune
0.001,32,128,32,15,0.2583172307908535,0.2403115601837635,tune
0.001,32,128,32,16,0.1993253568666322,0.21636940374970437,tune
0.001,32,128,32,17,0.1694964978311743,0.15206906981766224,tune
0.001,32,128,32,18,0.14821866154670715,0.11561373896896839,tune
0.001,32,128,32,19,0.11059999108314514,0.12281819306313992,tune
0.001,32,128,32,20,0.11948018953204155,0.09821713022887707,tune
0.001,32,128,32,21,0.10092667282692024,0.1015519341826439,tune
0.001,32,128,32,22,0.07372492391083922,0.10311063289642335,tune
0.001,32,128,32,23,0.08680195658334663,0.0994660771265626,tune
0.001,32,128,32,24,0.07899784757622651,0.06869505234062671,tune
0.001,32,128,32,25,0.06600134463714702,0.06905167922377586,tune
0.001,32,128,32,26,0.060039429616715226,0.07230895642191172,tune
0.001,32,128,32,27,0.06339406352490187,0.0702096176892519,tune
0.001,32,128,32,28,0.10505777672997543,0.08254465866833925,tune
0.001,32,128,32,29,0.06609915788684573,0.06387873943895102,tune
0.001,32,128,32,30,0.059156846004937376,0.053403279539197684,tune
0.001,32,128,32,31,0.058495899960398674,0.050840816982090475,tune
0.001,32,128,32,32,0.05925974003970623,0.05879572266712785,tune
0.001,32,128,32,33,0.047985458049391,0.06843017684295774,tune
0.001,32,128,32,34,0.05390949863408293,0.05688635421916843,tune
0.001,32,128,32,35,0.06605535200663976,0.04746410990133881,tune
0.001,32,128,32,36,0.04983392310994012,0.056328019089996816,tune
0.001,32,128,32,37,0.059507352225482466,0.055417596511542794,tune
0.001,32,128,32,38,0.0593395646288991,0.10153356049209833,tune
0.001,32,128,32,39,0.05657241135835647,0.056150709874928,tune
0.001,32,128,32,40,0.05945687064102718,0.05317593798041344,tune
0.0005,16,64,16,1,1.6811261303297111,0.5668121753633022,tune
0.0005,16,64,16,2,0.44822638113583835,0.4948243947327137,tune
0.0005,16,64,16,3,0.41867947995130506,0.4839622972533107,tune
0.0005,16,64,16,4,0.3956826078944973,0.5403719115629793,tune
0.0005,16,64,16,5,0.3885502031658377,0.4317428132519126,tune
0.0005,16,64,16,6,0.3679569058758872,0.5306796534359455,tune
0.0005,16,64,16,7,0.3643294013717345,0.4405367195606232,tune
0.0005,16,64,16,8,0.3358441898865359,0.3624724878370762,tune
0.0005,16,64,16,9,0.3077868494976844,0.36069011203944684,tune
0.0005,16,64,16,10,0.28981642205268143,0.30058688934892414,tune
0.0005,16,64,16,11,0.2694775509408542,0.2907637025043368,tune
0.0005,16,64,16,12,0.25127104435648234,0.2456187877058983,tune
0.0005,16,64,16,13,0.21829549420092786,0.2273863363824785,tune
0.0005,16,64,16,14,0.1855037918473993,0.1933381600677967,tune
0.0005,16,64,16,15,0.16765125382691623,0.16496246051043273,tune
0.0005,16,64,16,16,0.1503669213982565,0.1656260556355119,tune
0.0005,16,64,16,17,0.1308961257498179,0.1372616932541132,tune
0.0005,16,64,16,18,0.11251678734485591,0.11566017223522067,tune
0.0005,16,64,16,19,0.1160554302962763,0.1064708886295557,tune
0.0005,16,64,16,20,0.10782571455729859,0.13259262980893255,tune
0.0005,16,64,16,21,0.09791273756750993,0.12244557259604334,tune
0.0005,16,64,16,22,0.09114461065669145,0.09348260955885053,tune
0.0005,16,64,16,23,0.09012273503999625,0.09205643074586987,tune
0.0005,16,64,16,24,0.0840684400498867,0.08657927477732301,tune
0.0005,16,64,16,25,0.0784734460139381,0.08269945727661251,tune
0.0005,16,64,16,26,0.07922865219414234,0.08559559173882007,tune
0.0005,16,64,16,27,0.07813103183837873,0.09162846118211747,tune
0.0005,16,64,16,28,0.06806545065715909,0.10101391917094588,tune
0.0005,16,64,16,29,0.06952830421073096,0.06839400814846158,tune
0.0005,16,64,16,30,0.08117282130356346,0.08815706875175237,tune
0.0005,16,64,16,31,0.05920274044387042,0.06766281141899526,tune
0.0005,16,64,16,32,0.06146684927998909,0.05323271463625133,tune
0.0005,16,64,16,33,0.05324643431364426,0.05375517969019711,tune
0.0005,16,64,16,34,0.058683421382946625,0.07733605464920401,tune
0.0005,16,64,16,35,0.06933165345474013,0.06075823643244803,tune
0.0005,16,64,16,36,0.05537809868077082,0.05747904974035919,tune
0.0005,16,64,16,37,0.05161055809618639,0.05536647951230407,tune
0.0005,16,64,32,1,2.4430834522417615,0.5644862469658256,tune
0.0005,16,64,32,2,0.473504568444831,0.5214396042749285,tune
0.0005,16,64,32,3,0.42753921713680026,0.4894584608823061,tune
0.0005,16,64,32,4,0.39734838663467337,0.42627557141706346,tune
0.0005,16,64,32,5,0.3762700796978814,0.401480142660439,tune
0.0005,16,64,32,6,0.3516119068648134,0.3744475354254246,tune
0.0005,16,64,32,7,0.329456019412194,0.36333982422947886,tune
0.0005,16,64,32,8,0.3178410624606269,0.39572126664221285,tune
0.0005,16,64,32,9,0.2885134549811482,0.28459692012518645,tune
0.0005,16,64,32,10,0.24888907089829446,0.23405303437262773,tune
0.0005,16,64,32,11,0.22080434805048363,0.18720411621034144,tune
0.0005,16,64,32,12,0.17066772526396173,0.2163862321898341,tune
0.0005,16,64,32,13,0.17269338469952344,0.13651146365329622,tune
0.0005,16,64,32,14,0.13885415179388863,0.1238945577479899,tune
0.0005,16,64,32,15,0.12202706777623722,0.13076297787949442,tune
0.0005,16,64,32,16,0.11085788823132003,0.10583007438108324,tune
0.0005,16,64,32,17,0.10690123113138335,0.12662848446518182,tune
0.0005,16,64,32,18,0.10912574711388776,0.10380883605685085,tune
0.0005,16,64,32,19,0.0955959090217948,0.10071704698726534,tune
0.0005,16,64,32,20,0.08401719266548753,0.09392581962049007,tune
0.0005,16,64,32,21,0.08184591073010648,0.0847335750143975,tune
0.0005,16,64,32,22,0.07884739611031753,0.0770177443511784,tune
0.0005,16,64,32,23,0.083204751879509,0.09606443587690591,tune
0.0005,16,64,32,24,0.08224125132230775,0.07171212923713029,tune
0.0005,16,64,32,25,0.0715578696411103,0.07058858799748123,tune
0.0005,16,64,32,26,0.06625811979440706,0.05789392326958478,tune
0.0005,16,64,32,27,0.05982582046517304,0.0680670219939202,tune
0.0005,16,64,32,28,0.09461220199641372,0.07346597533673048,tune
0.0005,16,64,32,29,0.04838289539994938,0.06344592082314193,tune
0.0005,16,64,32,30,0.0603882916697434,0.07313359887339174,tune
0.0005,16,64,32,31,0.05814974666307015,0.09422324866056442,tune
0.0005,16,128,16,1,1.2995421792353903,0.5418303856998682,tune
0.0005,16,128,16,2,0.4450923779606819,0.550237057171762,tune
0.0005,16,128,16,3,0.42542570786816736,0.5488439831510186,tune
0.0005,16,128,16,4,0.407428593843111,0.44722353734076026,tune
0.0005,16,128,16,5,0.3903773103388292,0.44755301885306836,tune
0.0005,16,128,16,6,0.36718455440231734,0.45336778931319716,tune
0.0005,16,128,16,7,0.34510746240615847,0.3610138288140297,tune
0.0005,16,128,16,8,0.32368082007127147,0.37701406210660937,tune
0.0005,16,128,16,9,0.30053386872900384,0.2983282043039799,tune
0.0005,16,128,16,10,0.2631085625716618,0.25175769325345754,tune
0.0005,16,128,16,11,0.20973620832498585,0.26177016012370585,tune
0.0005,16,128,16,12,0.19247513105294534,0.15316444946452976,tune
0.0005,16,128,16,13,0.14918206343161208,0.14392945613712071,tune
0.0005,16,128,16,14,0.12877886115972484,0.11793317608535289,tune
0.0005,16,128,16,15,0.10857192890452487,0.10895317332819104,tune
0.0005,16,128,16,16,0.11136553666953529,0.11894843338057398,tune
0.0005,16,128,16,17,0.10261720497693334,0.09666830078698695,tune
0.0005,16,128,16,18,0.09953642111537712,0.08960852509364486,tune
0.0005,16,128,16,19,0.07953357587701508,0.07628857468254864,tune
0.0005,16,128,16,20,0.07236313083342144,0.12745892805978656,tune
0.0005,16,128,16,21,0.07037529170779246,0.10861982446163893,tune
0.0005,16,128,16,22,0.07364547337006246,0.1325753250718117,tune
0.0005,16,128,16,23,0.06319551076074796,0.09881362261250615,tune
0.0005,16,128,16,24,0.06553147582869445,0.06156686409376562,tune
0.0005,16,128,16,25,0.06422383348723608,0.05490632540546358,tune
0.0005,16,128,16,26,0.05659753038680979,0.05623579223174602,tune
0.0005,16,128,16,27,0.06856693251657167,0.11134364038705825,tune
0.0005,16,128,16,28,0.062310930172513636,0.07118898187763989,tune
0.0005,16,128,16,29,0.06119506420700678,0.08231447263620793,tune
0.0005,16,128,16,30,0.05856040094180831,0.04715690176468343,tune
0.0005,16,128,16,31,0.053297569159684435,0.04952263709623367,tune
0.0005,16,128,16,32,0.05200195158698729,0.04865146870724857,tune
0.0005,16,128,16,33,0.07087762941872434,0.05357472056988627,tune
0.0005,16,128,16,34,0.06044213309085795,0.08832993002608419,tune
0.0005,16,128,16,35,0.047947305025798935,0.06295697094872593,tune
0.0005,16,128,32,1,1.871545444322484,0.5465816132724285,tune
0.0005,16,128,32,2,0.452291074725134,0.5097999731451273,tune
0.0005,16,128,32,3,0.4258268760570458,0.471209279820323,tune
0.0005,16,128,32,4,0.40384123445089376,0.45142241261899474,tune
0.0005,16,128,32,5,0.3823573024890253,0.42258598022162913,tune
0.0005,16,128,32,6,0.37649152480065823,0.40140446968376636,tune
0.0005,16,128,32,7,0.341478575819305,0.3847473049163818,tune
0.0005,16,128,32,8,0.3389778963902167,0.3373406104370952,tune
0.0005,16,128,32,9,0.30437380007867304,0.30403426568955183,tune
0.0005,16,128,32,10,0.284005533435515,0.264531087577343,tune
0.0005,16,128,32,11,0.2501097306928464,0.23396311774849893,tune
0.0005,16,128,32,12,0.2045829180947372,0.19379193073138595,tune
0.0005,16,128,32,13,0.17025080176336424,0.14208648312836886,tune
0.0005,16,128,32,14,0.1343934531004301,0.17287483803927897,tune
0.0005,16,128,32,15,0.1275760594010353,0.21739170223474502,tune
0.0005,16,128,32,16,0.12962763013584272,0.10647516472265124,tune
0.0005,16,128,32,17,0.09947291291185788,0.1906313369423151,tune
0.0005,16,128,32,18,0.09915484215798123,0.1008141203597188,tune
0.0005,16,128,32,19,0.11412834276578256,0.09100956393405796,tune
0.0005,16,128,32,20,0.08569302539208105,0.10207529231905937,tune
0.0005,16,128,32,21,0.07286417428936277,0.08904287772253155,tune
0.0005,16,128,32,22,0.09566992350987026,0.07693047750741243,tune
0.0005,16,128,32,23,0.08353420540291284,0.0626630787923932,tune
0.0005,16,128,32,24,0.07276373477918761,0.06263088852632791,tune
0.0005,16,128,32,25,0.0777798346270408,0.07048353845253587,tune
0.0005,16,128,32,26,0.06644718168436417,0.06170848644338548,tune
0.0005,16,128,32,27,0.06766478198447398,0.060224459888413545,tune
0.0005,16,128,32,28,0.05883402557910553,0.09508784536272287,tune
0.0005,16,128,32,29,0.051113847927855595,0.0704891623556614,tune
0.0005,16,128,32,30,0.05954415478078382,0.05222599188331514,tune
0.0005,16,128,32,31,0.0614853111042508,0.06488301223609597,tune
0.0005,16,128,32,32,0.07201388271126365,0.04965352879837155,tune
0.0005,16,128,32,33,0.05408237550274602,0.07746071224100888,tune
0.0005,16,128,32,34,0.05136146345907556,0.04365003678947687,tune
0.0005,16,128,32,35,0.06006782583227115,0.03815376356709749,tune
0.0005,16,128,32,36,0.04521473990620247,0.05020780389895663,tune
0.0005,16,128,32,37,0.045309148633719556,0.05275135405827314,tune
0.0005,16,128,32,38,0.052861515751241574,0.05560530564747751,tune
0.0005,16,128,32,39,0.04966771363147667,0.04405198301188648,tune
0.0005,16,128,32,40,0.05168823626491108,0.0419587568519637,tune
0.0005,32,64,16,1,5.692072952815464,2.78271938085556,tune
0.0005,32,64,16,2,2.1850153272492543,1.6124003839492798,tune
0.0005,32,64,16,3,1.1260934269428253,0.8180800831317901,tune
0.0005,32,64,16,4,0.570732114315033,0.5368531668186187,tune
0.0005,32,64,16,5,0.42688033506274226,0.4789555224776268,tune
0.0005,32,64,16,6,0.39870804354548456,0.4579928182810545,tune
0.0005,32,64,16,7,0.39196809170501573,0.45661408588290214,tune
0.0005,32,64,16,8,0.38768114266651016,0.47875184684991834,tune
0.0005,32,64,16,9,0.3829851078774248,0.4436157489567995,tune
0.0005,32,64,16,10,0.3777082685913358,0.4329861364513636,tune
0.0005,32,64,16,11,0.3708546424763543,0.432806331962347,tune
0.0005,32,64,16,12,0.36876651693667684,0.4174747885763645,tune
0.0005,32,64,16,13,0.3649485922072615,0.41504117131233215,tune
0.0005,32,64,16,14,0.35666062369942664,0.40002373278141024,tune
0.0005,32,64,16,15,0.3481732142823083,0.3937368841469288,tune
0.0005,32,64,16,16,0.34316463842988015,0.3814358200877905,tune
0.0005,32,64,16,17,0.3356746973310198,0.3920913590490818,tune
0.0005,32,64,16,18,0.337274830107178,0.3732745783030987,tune
0.0005,32,64,16,19,0.3189521959424019,0.34949983209371566,tune
0.0005,32,64,16,20,0.3136544550103801,0.34407025277614595,tune
0.0005,32,64,16,21,0.3034977515680449,0.3188521836698055,tune
0.0005,32,64,16,22,0.29508068953241623,0.3069046485424042,tune
0.0005,32,64,16,23,0.26874464531029973,0.28667294427752493,tune
0.0005,32,64,16,24,0.2490459918124335,0.2761599539220333,tune
0.0005,32,64,16,25,0.23321388681020055,0.25478254690766333,tune
0.0005,32,64,16,26,0.21161186961191042,0.21173778720200062,tune
0.0005,32,64,16,27,0.18062104340110507,0.2052422706782818,tune
0.0005,32,64,16,28,0.16621306317193169,0.16056278057396411,tune
0.0005,32,64,16,29,0.13898644515446254,0.14390329420566558,tune
0.0005,32,64,16,30,0.13136593177914618,0.13277792148292064,tune
0.0005,32,64,16,31,0.12321942395397595,0.14114156283438206,tune
0.0005,32,64,16,32,0.11257822434817041,0.1405000028014183,tune
0.0005,32,64,16,33,0.11852598409567561,0.1766970607638359,tune
0.0005,32,64,16,34,0.10006464672940119,0.10128710322082042,tune
0.0005,32,64,16,35,0.09142691927296774,0.0997571487724781,tune
0.0005,32,64,16,36,0.10006342586662088,0.11435855336487294,tune
0.0005,32,64,16,37,0.08965959763952663,0.09826528273522854,tune
0.0005,32,64,16,38,0.09333024210163525,0.08908752232789993,tune
0.0005,32,64,16,39,0.07743707384381976,0.09023685108870268,tune
0.0005,32,64,16,40,0.08383362098463944,0.0827591783553362,tune
0.0005,32,64,16,41,0.0727654488065413,0.08823495481163263,tune
0.0005,32,64,16,42,0.0737374278104731,0.08503663718700409,tune
0.0005,32,64,16,43,0.0725339029197182,0.10860500421375036,tune
0.0005,32,64,16,44,0.07215515582689218,0.06415542751550675,tune
0.0005,32,64,16,45,0.0648730570184333,0.08830693207681178,tune
0.0005,32,64,16,46,0.07560292341879436,0.08883869674056769,tune
0.0005,32,64,16,47,0.06264515040176255,0.06392957046627998,tune
0.0005,32,64,16,48,0.06166836115398577,0.07376867286860943,tune
0.0005,32,64,16,49,0.0666899905034474,0.06697886615991593,tune
0.0005,32,64,16,50,0.07182144987796034,0.06705128032714129,tune
0.0005,32,64,32,1,4.192118887901306,0.8226756522059441,tune
0.0005,32,64,32,2,0.5638748871428626,0.5778361614048481,tune
0.0005,32,64,32,3,0.4680713591405324,0.5312134310603142,tune
0.0005,32,64,32,4,0.438395177253655,0.5034854756295681,tune
0.0005,32,64,32,5,0.41681568571499417,0.5018727258592844,tune
0.0005,32,64,32,6,0.4081996437055724,0.4725477346777916,tune
0.0005,32,64,32,7,0.3970521300179618,0.4968322791159153,tune
0.0005,32,64,32,8,0.39535538317901747,0.4555734068155289,tune
0.0005,32,64,32,9,0.3890776474454573,0.4626723340153694,tune
0.0005,32,64,32,10,0.38645297154784203,0.4436364705115557,tune
0.0005,32,64,32,11,0.37736613399216107,0.45495001286268233,tune
0.0005,32,64,32,12,0.3666865405866078,0.42783831387758253,tune
0.0005,32,64,32,13,0.3640545447809356,0.41888958513736724,tune
0.0005,32,64,32,14,0.3533827162214688,0.3962269876152277,tune
0.0005,32,64,32,15,0.35316815737102714,0.38022641055285933,tune
0.0005,32,64,32,16,0.3537178082125528,0.4154295188933611,tune
0.0005,32,64,32,17,0.32696507462433405,0.3712572777271271,tune
0.0005,32,64,32,18,0.32174178370407647,0.3587642131745815,tune
0.0005,32,64,32,19,0.3107099046451705,0.3449841856956482,tune
0.0005,32,64,32,20,0.3043689924478531,0.32678358659148216,tune
0.0005,32,64,32,21,0.2976184132695198,0.31208921134471895,tune
0.0005,32,64,32,22,0.2847125194966793,0.3592415329813957,tune
0.0005,32,64,32,23,0.2697350666778428,0.30931916549801824,tune
0.0005,32,64,32,24,0.2615093675681523,0.27806311920285226,tune
0.0005,32,64,32,25,0.2441472456923553,0.2584325870126486,tune
0.0005,32,64,32,26,0.22084527032715934,0.2336816617846489,tune
0.0005,32,64,32,27,0.20297484595860754,0.21298932090401648,tune
0.0005,32,64,32,28,0.18536765964967863,0.20527438431978226,tune
0.0005,32,64,32,29,0.17438370004296302,0.17444500207901,tune
0.0005,32,64,32,30,0.1550700157880783,0.14263009488582612,tune
0.0005,32,64,32,31,0.1469936249085835,0.14073357731103897,tune
0.0005,32,64,32,32,0.12584620109626224,0.12880738362669944,tune
0.0005,32,64,32,33,0.11528786755033901,0.1410331656038761,tune
0.0005,32,64,32,34,0.11706132426857949,0.10847701445221901,tune
0.0005,32,64,32,35,0.10570836170443466,0.14526566438376903,tune
0.0005,32,64,32,36,0.09522821468966348,0.09496508456766606,tune
0.0005,32,64,32,37,0.09341853414263045,0.10270506456494331,tune
0.0005,32,64,32,38,0.09098720434520925,0.08806524328887462,tune
0.0005,32,64,32,39,0.08224258632532187,0.09586977582424878,tune
0.0005,32,64,32,40,0.09223383705530848,0.08419839683920145,tune
0.0005,32,64,32,41,0.07786944519196237,0.10925610713660718,tune
0.0005,32,64,32,42,0.07698248806808676,0.07632961690425873,tune
0.0005,32,64,32,43,0.08313390208142145,0.08596887107938528,tune
0.0005,32,64,32,44,0.07485903122595379,0.0739806892722845,tune
0.0005,32,64,32,45,0.0728607039153576,0.08348948970437049,tune
0.0005,32,64,32,46,0.06781111542135478,0.06569341883063316,tune
0.0005,32,64,32,47,0.0665407733353121,0.06920673955231905,tune
0.0005,32,64,32,48,0.06148704466010843,0.066853660158813,tune
0.0005,32,64,32,49,0.05826268132243838,0.05834763897582888,tune
0.0005,32,64,32,50,0.05899026340671948,0.06193854194134474,tune
0.0005,32,128,16,1,5.164579608780997,2.3902102541923522,tune
0.0005,32,128,16,2,1.4792165996347155,0.8599165701866149,tune
0.0005,32,128,16,3,0.5565612159030778,0.5160380670428276,tune
0.0005,32,128,16,4,0.42072848256145207,0.4793374771624804,tune
0.0005,32,128,16,5,0.4124099380203656,0.47252343490719795,tune
0.0005,32,128,16,6,0.39917335227131845,0.45190012708306315,tune
0.0005,32,128,16,7,0.3940898151695728,0.46954927504062655,tune
0.0005,32,128,16,8,0.38210547093834196,0.4734130673110485,tune
0.0005,32,128,16,9,0.37650179239256043,0.42798544593155385,tune
0.0005,32,128,16,10,0.3743571410008839,0.4455372964590788,tune
0.0005,32,128,16,11,0.356321610723223,0.4061598971486092,tune
0.0005,32,128,16,12,0.34906347755874906,0.38613069787621496,tune
0.0005,32,128,16,13,0.3610978908623968,0.4019330807030201,tune
0.0005,32,128,16,14,0.346075302873339,0.36539974465966224,tune
0.0005,32,128,16,15,0.32567422400627816,0.3754836544394493,tune
0.0005,32,128,16,16,0.3206646959057876,0.37985545352101324,tune
0.0005,32,128,16,17,0.30241973868438177,0.33446748822927475,tune
0.0005,32,128,16,18,0.28667572027870586,0.3850422433018684,tune
0.0005,32,128,16,19,0.27041638027344433,0.308849822729826,tune
0.0005,32,128,16,20,0.2435070853999683,0.2527057763934135,tune
0.0005,32,128,16,21,0.2181277127138206,0.22617945149540902,tune
0.0005,32,128,16,22,0.20975436940789222,0.3272770980000496,tune
0.0005,32,128,16,23,0.19359819182327814,0.2060344137251377,tune
0.0005,32,128,16,24,0.15954520968454225,0.1616635175794363,tune
0.0005,32,128,16,25,0.14144237878067153,0.15016935788094998,tune
0.0005,32,128,16,26,0.1334178092437131,0.129954484552145,tune
0.0005,32,128,16,27,0.12847019376499313,0.19262439668178558,tune
0.0005,32,128,16,28,0.12359625441687448,0.11712805602699518,tune
0.0005,32,128,16,29,0.1077796120941639,0.11603551756590605,tune
0.0005,32,128,16,30,0.10301357376788343,0.11969584837555886,tune
0.0005,32,128,16,31,0.10175905175507069,0.1041718941181898,tune
0.0005,32,128,16,32,0.09556321486830711,0.09561046425253153,tune
0.0005,32,128,16,33,0.09899084612727166,0.0897717783972621,tune
0.0005,32,128,16,34,0.07414659011576857,0.12170385979115964,tune
0.0005,32,128,16,35,0.09339174420705863,0.07976502299308777,tune
0.0005,32,128,16,36,0.07528258565813303,0.08978357162326574,tune
0.0005,32,128,16,37,0.08007958659103938,0.07995757535099983,tune
0.0005,32,128,16,38,0.07495975850948265,0.07675467133522033,tune
0.0005,32,128,16,39,0.06867435136011668,0.07930883143097162,tune
0.0005,32,128,16,40,0.06250269705163582,0.07411994896829129,tune
0.0005,32,128,16,41,0.06115287754152502,0.07099712461233139,tune
0.0005,32,128,16,42,0.05526729896132435,0.07309564549475908,tune
0.0005,32,128,16,43,0.06325270250439644,0.06432428244501352,tune
0.0005,32,128,16,44,0.053441740263785634,0.09995335791260004,tune
0.0005,32,128,16,45,0.06138882291636297,0.06191748894751072,tune
0.0005,32,128,16,46,0.05999667867485966,0.05165099693462252,tune
0.0005,32,128,16,47,0.056930270397237366,0.08171863056719303,tune
0.0005,32,128,16,48,0.051599631373371396,0.14362800300121306,tune
0.0005,32,128,16,49,0.06564072090068034,0.05776391662657261,tune
0.0005,32,128,16,50,0.05114123503012317,0.05932476783171296,tune
0.0005,32,128,32,1,3.0292198860645296,0.8369798293709755,tune
0.0005,32,128,32,2,0.5137458930909634,0.5624001808464527,tune
0.0005,32,128,32,3,0.40937855192593164,0.45718604132533075,tune
0.0005,32,128,32,4,0.3884100899526051,0.4521083191782236,tune
0.0005,32,128,32,5,0.3812881457379886,0.41404137440025807,tune
0.0005,32,128,32,6,0.3582846019736358,0.3994731689989567,tune
0.0005,32,128,32,7,0.3469901545558657,0.39926218695938587,tune
0.0005,32,128,32,8,0.3376548378595284,0.39003939874470234,tune
0.0005,32,128,32,9,0.31933973759412765,0.3423495803773403,tune
0.0005,32,128,32,10,0.3118420296907425,0.31748143084347247,tune
0.0005,32,128,32,11,0.31286063181502477,0.30599675498902795,tune
0.0005,32,128,32,12,0.2854168762905257,0.31172182992100717,tune
0.0005,32,128,32,13,0.25684922478028704,0.26534244582057,tune
0.0005,32,128,32,14,0.22723060258797237,0.2334755177050829,tune
0.0005,32,128,32,15,0.20209019233073508,0.20184992209076882,tune
0.0005,32,128,32,16,0.1692944232906614,0.15121853053569795,tune
0.0005,32,128,32,17,0.14335387357643672,0.1566681832075119,tune
0.0005,32,128,32,18,0.14135013207793234,0.15995649620890617,tune
0.0005,32,128,32,19,0.12190554560295173,0.10498803101480007,tune
0.0005,32,128,32,20,0.11211377648370606,0.10668598815798759,tune
0.0005,32,128,32,21,0.10176763615437916,0.12161783859133721,tune
0.0005,32,128,32,22,0.09813222524310862,0.08601992588490248,tune
0.0005,32,128,32,23,0.0894095551116126,0.08700169321149588,tune
0.0005,32,128,32,24,0.07996450186840126,0.08186516609042883,tune
0.0005,32,128,32,25,0.08678214784179415,0.09278114907443523,tune
0.0005,32,128,32,26,0.07251424129520144,0.06977053537964821,tune
0.0005,32,128,32,27,0.07649703174297298,0.06723209977149963,tune
0.0005,32,128,32,28,0.06907589041760989,0.06309609577059745,tune
0.0005,32,128,32,29,0.0668817245640925,0.09102583482861519,tune
0.0005,32,128,32,30,0.06518122659197875,0.05997263703495264,tune
0.0005,32,128,32,31,0.06484303598425219,0.07297614943236112,tune
0.0005,32,128,32,32,0.056367349709783285,0.06402734005823732,tune
0.0005,32,128,32,33,0.06085923999015774,0.05324256509542465,tune
0.0005,32,128,32,34,0.06529921993613243,0.05116633584722877,tune
0.0005,32,128,32,35,0.06404369211622647,0.05903314128518104,tune
0.0005,32,128,32,36,0.05438377595373563,0.05480984589084983,tune
0.0005,32,128,32,37,0.04817251418850252,0.05687715336680412,tune
0.0005,32,128,32,38,0.04940135988273791,0.1158370652794838,tune
0.0005,32,128,32,39,0.05875401681555169,0.04880721746012569,tune
0.0005,32,128,32,40,0.050380916826959166,0.05952848341315985,tune
0.0005,32,128,32,41,0.050612625131117445,0.05444325149059295,tune
0.0005,32,128,32,42,0.05704929469153285,0.07674619317054748,tune
0.0005,32,128,32,43,0.050173654417906485,0.053607248477637766,tune
0.0005,32,128,32,44,0.05991791511220591,0.04938452306203544,tune
0.0001,16,64,16,1,4.169210650835718,1.5319468039274216,tune
0.0001,16,64,16,2,1.1655229514837264,0.9276180458068848,tune
0.0001,16,64,16,3,0.7022281467701708,0.6472609969973564,tune
0.0001,16,64,16,4,0.5142383115206446,0.5663778010010719,tune
0.0001,16,64,16,5,0.4564347902685404,0.5263106293231249,tune
0.0001,16,64,16,6,0.4385425389238766,0.5109139027819037,tune
0.0001,16,64,16,7,0.42409205813493045,0.49678668439388274,tune
0.0001,16,64,16,8,0.41787980983299866,0.4856088189408183,tune
0.0001,16,64,16,9,0.4071053577001606,0.481354724727571,tune
0.0001,16,64,16,10,0.3978571034435715,0.46905552837997677,tune
0.0001,16,64,16,11,0.39189711646842107,0.4594011601433158,tune
0.0001,16,64,16,12,0.389806058843221,0.46035667691379784,tune
0.0001,16,64,16,13,0.38671706995793753,0.4449154629558325,tune
0.0001,16,64,16,14,0.3806980334381972,0.44488108925521375,tune
0.0001,16,64,16,15,0.37535137925297024,0.5051816012710333,tune
0.0001,16,64,16,16,0.37610758358346563,0.43218121014535427,tune
0.0001,16,64,16,17,0.3670834313013724,0.43913840033113954,tune
0.0001,16,64,16,18,0.3643333372526935,0.42274827681481836,tune
0.0001,16,64,16,19,0.35486910516662257,0.4115374405682087,tune
0.0001,16,64,16,20,0.3487410075377141,0.41281268268823623,tune
0.0001,16,64,16,21,0.34208989281739505,0.39465389054268596,tune
0.0001,16,64,16,22,0.33347862572010073,0.39617682579904795,tune
0.0001,16,64,16,23,0.3338795275613666,0.3885174426436424,tune
0.0001,16,64,16,24,0.3276352245413831,0.37238122694194314,tune
0.0001,16,64,16,25,0.3181245477391141,0.35993321519345045,tune
0.0001,16,64,16,26,0.3077173651754856,0.3797681438177824,tune
0.0001,16,64,16,27,0.3013592748876129,0.359110706448555,tune
0.0001,16,64,16,28,0.29355129245136463,0.34030783917754887,tune
0.0001,16,64,16,29,0.286183522396854,0.33420126371085646,tune
0.0001,16,64,16,30,0.2784248199047787,0.37592268392443656,tune
0.0001,16,64,16,31,0.2710189738231046,0.3235151920467615,tune
0.0001,16,64,16,32,0.26542059353951897,0.3063242359086871,tune
0.0001,16,64,16,33,0.25366193023643324,0.2898149970546365,tune
0.0001,16,64,16,34,0.24676461079290934,0.27503263965249064,tune
0.0001,16,64,16,35,0.23538955201527903,0.2649033708125353,tune
0.0001,16,64,16,36,0.22483687950032097,0.2502817105874419,tune
0.0001,16,64,16,37,0.20959014854793037,0.2521725627407432,tune
0.0001,16,64,16,38,0.20071769855384317,0.2234965839423239,tune
0.0001,16,64,16,39,0.1872122519995485,0.2089862308651209,tune
0.0001,16,64,16,40,0.1750762527542455,0.20912786934524774,tune
0.0001,16,64,16,41,0.16711410534701177,0.18319298781454563,tune
0.0001,16,64,16,42,0.155809860575412,0.17268977658823131,tune
0.0001,16,64,16,43,0.1450897551966565,0.16056795325130224,tune
0.0001,16,64,16,44,0.1410206600917237,0.15219943962991236,tune
0.0001,16,64,16,45,0.1292914058001978,0.14711883595213293,tune
0.0001,16,64,16,46,0.12439053923423801,0.13711195159703493,tune
0.0001,16,64,16,47,0.11953795147793633,0.12860173029825092,tune
0.0001,16,64,16,48,0.11219328636037453,0.12204190528020263,tune
0.0001,16,64,16,49,0.10581986854917237,0.11382854837924242,tune
0.0001,16,64,16,50,0.10031179827771017,0.11678129814565182,tune
0.0001,16,64,32,1,7.345186735561915,2.5504854786396027,tune
0.0001,16,64,32,2,1.9750636722360337,1.4360075455904007,tune
0.0001,16,64,32,3,1.039210019835404,0.8155554693937301,tune
0.0001,16,64,32,4,0.6034422932565212,0.6029836941510439,tune
0.0001,16,64,32,5,0.46413419872522355,0.5267987032234669,tune
0.0001,16,64,32,6,0.4259858733734914,0.4967168352007866,tune
0.0001,16,64,32,7,0.4129443540583764,0.4790948171168566,tune
0.0001,16,64,32,8,0.4030052250197956,0.47858366975560784,tune
0.0001,16,64,32,9,0.3938136662808912,0.467914231531322,tune
0.0001,16,64,32,10,0.388925328584654,0.4475645047426224,tune
0.0001,16,64,32,11,0.3785889092939241,0.44648232344537975,tune
0.0001,16,64,32,12,0.3729849716329149,0.45398195650428536,tune
0.0001,16,64,32,13,0.3681702847512705,0.41963825417682526,tune
0.0001,16,64,32,14,0.3598823624423572,0.4237195224687457,tune
0.0001,16,64,32,15,0.35398415063640903,0.41797249361872674,tune
0.0001,16,64,32,16,0.3470418188987034,0.40147488985210655,tune
0.0001,16,64,32,17,0.3385830846003124,0.3837207024544477,tune
0.0001,16,64,32,18,0.334914915662791,0.3793577019870281,tune
0.0001,16,64,32,19,0.32857965141534806,0.3754865057766438,tune
0.0001,16,64,32,20,0.3162330465497715,0.36181065678596497,tune
0.0001,16,64,32,21,0.31177929128387144,0.35121035799384115,tune
0.0001,16,64,32,22,0.30141924596258574,0.3377175759524107,tune
0.0001,16,64,32,23,0.294251885297043,0.33103211406618355,tune
0.0001,16,64,32,24,0.28860756196613824,0.333821111433208,tune
0.0001,16,64,32,25,0.2794232037397368,0.3080430875718594,tune
0.0001,16,64,32,26,0.2702879070703472,0.29628485921770337,tune
0.0001,16,64,32,27,0.2674275797445859,0.2927954479120672,tune
0.0001,16,64,32,28,0.25391786727522103,0.273049576766789,tune
0.0001,16,64,32,29,0.2456312721595168,0.2927772742137313,tune
0.0001,16,64,32,30,0.23658122537391527,0.25468696396797896,tune
0.0001,16,64,32,31,0.22725529216229914,0.25224877931177614,tune
0.0001,16,64,32,32,0.21558161775448492,0.237517650090158,tune
0.0001,16,64,32,33,0.2046252718567848,0.22074148004874586,tune
0.0001,16,64,32,34,0.19506427088486297,0.246485842987895,tune
0.0001,16,64,32,35,0.18443378134497573,0.19968589838594197,tune
0.0001,16,64,32,36,0.1765244894155434,0.19299497712403535,tune
0.0001,16,64,32,37,0.1709913867233055,0.18421815877780318,tune
0.0001,16,64,32,38,0.1551428058743477,0.20304809264838697,tune
0.0001,16,64,32,39,0.14784984197467566,0.16575096195563674,tune
0.0001,16,64,32,40,0.1408826061072094,0.16345841385424137,tune
0.0001,16,64,32,41,0.13198829725916897,0.15006447263062,tune
0.0001,16,64,32,42,0.12691443703004293,0.1447250771149993,tune
0.0001,16,64,32,43,0.1237587214208075,0.12608313251286746,tune
0.0001,16,64,32,44,0.12071897597185204,0.11581875458359718,tune
0.0001,16,64,32,45,0.10726817364139216,0.10823475152254104,tune
0.0001,16,64,32,46,0.10784973869632397,0.10398730557411909,tune
0.0001,16,64,32,47,0.09936637880546706,0.09942449843510985,tune
0.0001,16,64,32,48,0.09417528921206082,0.09755535377189517,tune
0.0001,16,64,32,49,0.09780844865100724,0.1526563735306263,tune
0.0001,16,64,32,50,0.08927635978641255,0.09318280577659607,tune
0.0001,16,128,16,1,6.705267953532083,2.3252684122323988,tune
0.0001,16,128,16,2,1.7742999933447157,1.31782919049263,tune
0.0001,16,128,16,3,0.9598619586655072,0.7877661655843258,tune
0.0001,16,128,16,4,0.5804672125407627,0.5767210143059492,tune
0.0001,16,128,16,5,0.45731382792549474,0.5068698740750551,tune
0.0001,16,128,16,6,0.42050493123275895,0.4863725032284856,tune
0.0001,16,128,16,7,0.40918570779263974,0.47408219255506995,tune
0.0001,16,128,16,8,0.402632498634713,0.4689924632012844,tune
0.0001,16,128,16,9,0.3956068346436535,0.4568993142619729,tune
0.0001,16,128,16,10,0.38562090851898706,0.4613442363217473,tune
0.0001,16,128,16,11,0.38102564590850047,0.4521370379067957,tune
0.0001,16,128,16,12,0.3785450533777475,0.45177166409790515,tune
0.0001,16,128,16,13,0.37673526011407377,0.4298111130669713,tune
0.0001,16,128,16,14,0.3671324797240751,0.42582445619627834,tune
0.0001,16,128,16,15,0.36596884921193124,0.4188701262697577,tune
0.0001,16,128,16,16,0.3546602582612208,0.4158936421945691,tune
0.0001,16,128,16,17,0.3507306388978447,0.4673115345463157,tune
0.0001,16,128,16,18,0.35017735814409595,0.4761118065565825,tune
0.0001,16,128,16,19,0.34380003211753707,0.39527762718498705,tune
0.0001,16,128,16,20,0.33549280675394194,0.38467684308066963,tune
0.0001,16,128,16,21,0.3305291456942047,0.38799433019012214,tune
0.0001,16,128,16,22,0.3265261175270591,0.3802380919829011,tune
0.0001,16,128,16,23,0.3188851702106851,0.3628167213872075,tune
0.0001,16,128,16,24,0.3113967557623982,0.3579941367730498,tune
0.0001,16,128,16,25,0.30561608165502546,0.34988455098122356,tune
0.0001,16,128,16,26,0.29824328064386335,0.341318863350898,tune
0.0001,16,128,16,27,0.292171375118196,0.3302367077767849,tune
0.0001,16,128,16,28,0.2847354483497994,0.3332480212673545,tune
0.0001,16,128,16,29,0.2750740150788001,0.3077546710334718,tune
0.0001,16,128,16,30,0.2629572331692491,0.2934103237651289,tune
0.0001,16,128,16,31,0.25257556412369014,0.296514841131866,tune
0.0001,16,128,16,32,0.24624176088188376,0.2736841654777527,tune
0.0001,16,128,16,33,0.23013513524617468,0.2576888931170106,tune
0.0001,16,128,16,34,0.22531479200082166,0.2503700437769294,tune
0.0001,16,128,16,35,0.20910556201956101,0.2421052948385477,tune
0.0001,16,128,16,36,0.1992503112660987,0.21067581281065942,tune
0.0001,16,128,16,37,0.18411889433860779,0.20518213354051112,tune
0.0001,16,128,16,38,0.17191916200731483,0.1935021871328354,tune
0.0001,16,128,16,39,0.16694440246692727,0.18559272119775413,tune
0.0001,16,128,16,40,0.15486776514777115,0.16901749927550555,tune
0.0001,16,128,16,41,0.14360590294535672,0.16732048498466612,tune
0.0001,16,128,16,42,0.13506712373878274,0.14866560706868767,tune
0.0001,16,128,16,43,0.1341731716479574,0.13877441257238388,tune
0.0001,16,128,16,44,0.1242644673745547,0.15476360950618984,tune
0.0001,16,128,16,45,0.11626162646870528,0.12489198220893741,tune
0.0001,16,128,16,46,0.10995967654511332,0.12695955062285066,tune
0.0001,16,128,16,47,0.10633230121007987,0.17317077100276948,tune
0.0001,16,128,16,48,0.10423088271703039,0.1075546544417739,tune
0.0001,16,128,16,49,0.09839683998908315,0.10375468384474516,tune
0.0001,16,128,16,50,0.09283228300245745,0.10680685319006443,tune
0.0001,16,128,32,1,6.432399918181556,2.475816708803177,tune
0.0001,16,128,32,2,1.8197387501171658,1.2606473925709725,tune
0.0001,16,128,32,3,0.8866447579860687,0.7135287623107434,tune
0.0001,16,128,32,4,0.5462426278420857,0.561995358094573,tune
0.0001,16,128,32,5,0.4608369772668396,0.5221467876434326,tune
0.0001,16,128,32,6,0.43649080320128375,0.510514746978879,tune
0.0001,16,128,32,7,0.4218253380432725,0.49230752043426035,tune
0.0001,16,128,32,8,0.4123186808930976,0.48717186335474255,tune
0.0001,16,128,32,9,0.4037506278391395,0.4744496204704046,tune
0.0001,16,128,32,10,0.3971638179889747,0.46477533675730226,tune
0.0001,16,128,32,11,0.3876149299953665,0.4590771503001452,tune
0.0001,16,128,32,12,0.38050279067030973,0.43891246493905783,tune
0.0001,16,128,32,13,0.37582581951149874,0.43272292070090773,tune
0.0001,16,128,32,14,0.37364257018480984,0.4294131064787507,tune
0.0001,16,128,32,15,0.37118671974965506,0.4576925180107355,tune
0.0001,16,128,32,16,0.3613362876751593,0.414270735681057,tune
0.0001,16,128,32,17,0.3550905381675277,0.4200446831807494,tune
0.0001,16,128,32,18,0.35235851644405297,0.4480105606466532,tune
0.0001,16,128,32,19,0.3447935901795115,0.39167666804045437,tune
0.0001,16,128,32,20,0.33780082082641977,0.40630382727831604,tune
0.0001,16,128,32,21,0.3359575780215008,0.37375163739547135,tune
0.0001,16,128,32,22,0.32306774379951614,0.3637338023260236,tune
0.0001,16,128,32,23,0.31511715189686845,0.3558187391795218,tune
0.0001,16,128,32,24,0.3127033418204103,0.35702174697071315,tune
0.0001,16,128,32,25,0.29974336298714793,0.34017374452203514,tune
0.0001,16,128,32,26,0.29806962094136646,0.3297367637231946,tune
0.0001,16,128,32,27,0.29010659962360347,0.32624736621975897,tune
0.0001,16,128,32,28,0.27897231734224726,0.31036967076361177,tune
0.0001,16,128,32,29,0.2674193266300218,0.3596429500356317,tune
0.0001,16,128,32,30,0.26370660205504726,0.34861245833337307,tune
0.0001,16,128,32,31,0.25156586789126906,0.29841933634132145,tune
0.0001,16,128,32,32,0.24497998546808958,0.26861021865159274,tune
0.0001,16,128,32,33,0.23181763826736382,0.3393644240498543,tune
0.0001,16,128,32,34,0.2226323460707707,0.24824086960405112,tune
0.0001,16,128,32,35,0.21515033779399736,0.24184166703373194,tune
0.0001,16,128,32,36,0.2033529265384589,0.2321565894037485,tune
0.0001,16,128,32,37,0.19218931126807418,0.22809951897710562,tune
0.0001,16,128,32,38,0.1892162761943681,0.2191002144291997,tune
0.0001,16,128,32,39,0.17865181724940027,0.19797202408313752,tune
0.0001,16,128,32,40,0.17020907835768803,0.19742878733202815,tune
0.0001,16,128,32,41,0.16205282655677625,0.17851781545206905,tune
0.0001,16,128,32,42,0.1499729401724679,0.1806655114516616,tune
0.0001,16,128,32,43,0.14662535656243564,0.17181576237082483,tune
0.0001,16,128,32,44,0.1401594283857516,0.15851441338658334,tune
0.0001,16,128,32,45,0.13251561710344895,0.16056302197277547,tune
0.0001,16,128,32,46,0.12849696925708226,0.14074286529794336,tune
0.0001,16,128,32,47,0.12202182416937181,0.1862737573683262,tune
0.0001,16,128,32,48,0.11647249476185867,0.12636211724951862,tune
0.0001,16,128,32,49,0.11592463990407331,0.1750611925497651,tune
0.0001,16,128,32,50,0.10907590658803071,0.11506629034876824,tune
0.0001,32,64,16,1,12.0291644014631,3.89158486366272,tune
0.0001,32,64,16,2,3.7669619103840417,3.3932027578353883,tune
0.0001,32,64,32,1,9.957085135323661,3.177164194583893,tune
0.0001,32,64,32,2,2.8529229756764005,2.374710955619812,tune
0.0001,32,64,32,3,2.0391958693095615,1.6861919283866882,tune
0.0001,32,64,32,4,1.403706865651267,1.2002243691682815,tune
0.0001,32,64,32,5,0.9733845996856689,0.8895760482549667,tune
0.0001,32,64,32,6,0.705772602047239,0.6895732262730598,tune
0.0001,32,64,32,7,0.5584682874594415,0.592164081633091,tune
0.0001,32,64,32,8,0.48241036364010403,0.5353801669180394,tune
0.0001,32,64,32,9,0.4449323252694947,0.5108812165260315,tune
0.0001,32,64,32,10,0.42625929278986796,0.49973024234175684,tune
0.0001,32,64,32,11,0.41455486191170554,0.48184394851326945,tune
0.0001,32,64,32,12,0.40311683022550177,0.46977498292922976,tune
0.0001,32,64,32,13,0.3956398950942925,0.46167883887887,tune
0.0001,32,64,32,14,0.38975691571831705,0.4607942339777946,tune
0.0001,32,64,32,15,0.39011701528515136,0.45372973710298536,tune
0.0001,32,64,32,16,0.386280687813248,0.44479521565139296,tune
0.0001,32,64,32,17,0.37935790323785373,0.45007223017513753,tune
0.0001,32,64,32,18,0.37420160310609,0.4391661661863327,tune
0.0001,32,64,32,19,0.37299917033740454,0.44238780871033667,tune
0.0001,32,64,32,20,0.36971464123044695,0.43014054477214814,tune
0.0001,32,64,32,21,0.37103617651121956,0.4297005659341812,tune
0.0001,32,64,32,22,0.36861240350774355,0.4228246516734362,tune
0.0001,32,64,32,23,0.35986614312444415,0.42333174392580986,tune
0.0001,32,64,32,24,0.35702330668057713,0.4321516090631485,tune
0.0001,32,64,32,25,0.3576650846430234,0.41483823403716086,tune
0.0001,32,64,32,26,0.35650354472654205,0.41576364934444426,tune
0.0001,32,64,32,27,0.35200716150658473,0.4133692215383053,tune
0.0001,32,64,32,28,0.3505587854555675,0.41637294232845307,tune
0.0001,32,64,32,29,0.3434807933015483,0.39595388248562813,tune
0.0001,32,64,32,30,0.34404217954192845,0.3967370799183845,tune
0.0001,32,64,32,31,0.33698070266417096,0.39095483005046844,tune
0.0001,32,64,32,32,0.3379112718786512,0.3942703026533127,tune
0.0001,32,64,32,33,0.3307462194987706,0.38199643284082413,tune
0.0001,32,64,32,34,0.32411532932094167,0.3723775985836983,tune
0.0001,32,64,32,35,0.3197045250024114,0.38706310763955115,tune
0.0001,32,64,32,36,0.3209011923628194,0.3834579360485077,tune
0.0001,32,64,32,37,0.31289963873369353,0.36128629744052887,tune
0.0001,32,64,32,38,0.3074202082838331,0.3521606358885765,tune
0.0001,32,64,32,39,0.30190799802541735,0.34621899724006655,tune
0.0001,32,64,32,40,0.30509078413248064,0.34293156810104847,tune
0.0001,32,64,32,41,0.29728375232645443,0.33806391090154647,tune
0.0001,32,64,32,42,0.2917880490209375,0.3302056358009577,tune
0.0001,32,64,32,43,0.28826274490782194,0.3326912958920002,tune
0.0001,32,64,32,44,0.28590583479830195,0.3217048392444849,tune
0.0001,32,64,32,45,0.28166482201644355,0.32026542603969577,tune
0.0001,32,64,32,46,0.27977771386504174,0.310957378000021,tune
0.0001,32,64,32,47,0.2738615202478,0.3056498077511787,tune
0.0001,32,64,32,48,0.268766365477017,0.3078438026458025,tune
0.0001,32,64,32,49,0.262790525917496,0.29590053170919417,tune
0.0001,32,64,32,50,0.2596720477938652,0.29156237073242663,tune
0.0001,32,128,16,1,10.109867290769305,4.032971692085266,tune
0.0001,32,128,16,2,3.9849464341572354,3.672480683326721,tune
0.0001,32,128,16,3,3.614312437602452,3.3192563033103943,tune
0.0001,32,128,16,4,3.224034325054714,2.9601866006851196,tune
0.0001,32,128,16,5,2.8374337100982667,2.6061284565925598,tune
0.0001,32,128,16,6,2.445654703548976,2.232023959159851,tune
0.0001,32,128,16,7,2.0653204475130353,1.8819997215270996,tune
0.0001,32,128,16,8,1.6959319390569414,1.5496406006813048,tune
0.0001,32,128,16,9,1.361471051148006,1.2557099175453186,tune
0.0001,32,128,16,10,1.0858706082616534,1.0188966739177703,tune
0.0001,32,128,16,11,0.8689087581634521,0.85150710105896,tune
0.0001,32,128,16,12,0.7091470774582455,0.7093312907218933,tune
0.0001,32,128,16,13,0.5896778547763825,0.6153604117035866,tune
0.0001,32,128,16,14,0.5123059867109572,0.5513123106956482,tune
0.0001,32,128,16,15,0.4537567771119731,0.5044481833279133,tune
0.0001,32,128,16,16,0.41913410276174545,0.4763652122020721,tune
0.0001,32,128,16,17,0.39630757500018393,0.4651696193218231,tune
0.0001,32,128,16,18,0.3805594253327165,0.45199318647384645,tune
0.0001,32,128,16,19,0.37435169839433263,0.43424452014267445,tune
0.0001,32,128,16,20,0.36831191624913895,0.4288683468848467,tune
0.0001,32,128,16,21,0.3578985139940466,0.42164210468530655,tune
0.0001,32,128,16,22,0.35559785082936285,0.41174738615751266,tune
0.0001,32,128,16,23,0.3519999903014728,0.40704933889210226,tune
0.0001,32,128,16,24,0.34865153387188913,0.4034033113718033,tune
0.0001,32,128,16,25,0.34033017940819266,0.4447933027148247,tune
0.0001,32,128,16,26,0.33529443097966055,0.3980943301320076,tune
0.0001,32,128,16,27,0.3269621417990753,0.3855774467438459,tune
0.0001,32,128,16,28,0.3232736924929278,0.3735567629337311,tune
0.0001,32,128,16,29,0.31978294095822746,0.3671333183348179,tune
0.0001,32,128,16,30,0.3077463899552822,0.3593612248450518,tune
0.0001,32,128,16,31,0.30731884422046796,0.36392672680318355,tune
0.0001,32,128,16,32,0.29826769188046454,0.33734372556209563,tune
0.0001,32,128,16,33,0.2879728842420237,0.3354792906343937,tune
0.0001,32,128,16,34,0.27821447593825205,0.3261777451634407,tune
0.0001,32,128,16,35,0.27444810679980686,0.3067314475029707,tune
0.0001,32,128,16,36,0.26833186045289037,0.3000178611278534,tune
0.0001,32,128,16,37,0.257074850329331,0.30156703233718873,tune
0.0001,32,128,16,38,0.24777764971767152,0.27669039696455,tune
0.0001,32,128,16,39,0.23930992262704032,0.2689549581706524,tune
0.0001,32,128,16,40,0.23294727649007524,0.25764804050326345,tune
0.0001,32,128,16,41,0.22181371069380215,0.24762235686182976,tune
0.0001,32,128,16,42,0.2104796665268285,0.2734727893769741,tune
0.0001,32,128,16,43,0.20547820218971796,0.2517829874157906,tune
0.0001,32,128,16,44,0.19412743642926217,0.2117205008864403,tune
0.0001,32,128,16,45,0.18686845850731645,0.20695118375122548,tune
0.0001,32,128,16,46,0.17411814772656986,0.19712042443454267,tune
0.0001,32,128,16,47,0.16571620594177927,0.18340191915631293,tune
0.0001,32,128,16,48,0.1629609335746084,0.1762063229084015,tune
0.0001,32,128,16,49,0.15195629089006354,0.18184999316930772,tune
0.0001,32,128,16,50,0.1461001779032605,0.15988858051598073,tune
0.0001,32,128,32,1,8.190686030387878,2.6472952938079835,tune
0.0001,32,128,32,2,2.2873230777468,1.883888499736786,tune
0.0001,32,128,32,3,1.5628148974691118,1.3146516215801238,tune
0.0001,32,128,32,4,1.0555465008531297,0.9311761343479157,tune
0.0001,32,128,32,5,0.7416722679989679,0.7109475857019425,tune
0.0001,32,128,32,6,0.5724468871951103,0.5983744403719902,tune
0.0001,32,128,32,7,0.4902486793909754,0.5617868673801422,tune
0.0001,32,128,32,8,0.4560003469245774,0.5319658580422402,tune
0.0001,32,128,32,9,0.43950763204268045,0.5076142245531082,tune
0.0001,32,128,32,10,0.42595667504838536,0.49810052052140236,tune
0.0001,32,128,32,11,0.41794207777295794,0.4886682200431824,tune
0.0001,32,128,32,12,0.411771807542869,0.48236475601792334,tune
0.0001,32,128,32,13,0.402726620222841,0.48261284455657005,tune
0.0001,32,128,32,14,0.39639540223138675,0.46469870522618295,tune
0.0001,32,128,32,15,0.3904313400387764,0.4677012214064598,tune
0.0001,32,128,32,16,0.38873174865330967,0.4565170343965292,tune
0.0001,32,128,32,17,0.378182826595647,0.4533351404219866,tune
0.0001,32,128,32,18,0.37944682374596594,0.4393576428294182,tune
0.0001,32,128,32,19,0.3708169499678271,0.43396188110113143,tune
0.0001,32,128,32,20,0.3661033068597317,0.4303895730525255,tune
0.0001,32,128,32,21,0.3625849917956761,0.4234943541884422,tune
0.0001,32,128,32,22,0.3556703511093344,0.42171875432133676,tune
0.0001,32,128,32,23,0.3579306254429477,0.4408049150556326,tune
0.0001,32,128,32,24,0.3509926097733634,0.41360957965254785,tune
0.0001,32,128,32,25,0.34983642742037774,0.41776858069002626,tune
0.0001,32,128,32,26,0.3440743314794132,0.39794076547026636,tune
0.0001,32,128,32,27,0.3383962869857039,0.412012699842453,tune
0.0001,32,128,32,28,0.3363370740839413,0.40001856550574305,tune
0.0001,32,128,32,29,0.33649398346032416,0.38310874201357364,tune
0.0001,32,128,32,30,0.328524455342974,0.3816234710812569,tune
0.0001,32,128,32,31,0.32428745257002967,0.3752573898434639,tune
0.0001,32,128,32,32,0.3256633230405194,0.39306836396455763,tune
0.0001,32,128,32,33,0.3159237506347043,0.36310720071196556,tune
0.0001,32,128,32,34,0.3116887015104294,0.3823462572693825,tune
0.0001,32,128,32,35,0.3108214383465903,0.36597413904964926,tune
0.0001,32,128,32,36,0.29988510744912283,0.3523744800686836,tune
0.0001,32,128,32,37,0.29775358229875565,0.3397661370784044,tune
0.0001,32,128,32,38,0.29185308198843685,0.33727243602275847,tune
0.0001,32,128,32,39,0.2854316435967173,0.32241830445826053,tune
0.0001,32,128,32,40,0.2783701813646725,0.32479415982961657,tune
0.0001,32,128,32,41,0.27372657611966134,0.3421839190274477,tune
0.0001,32,128,32,42,0.26289977840014866,0.30677901484072206,tune
0.0001,32,128,32,43,0.26014215958969933,0.2900942182540894,tune
0.0001,32,128,32,44,0.25121967026165554,0.3032815630733967,tune
0.0001,32,128,32,45,0.24753387048840522,0.27752665117383,tune
0.0001,32,128,32,46,0.2314300788938999,0.25908700212836266,tune
0.0001,32,128,32,47,0.22836958740438734,0.29784745067358015,tune
0.0001,32,128,32,48,0.22013815297612122,0.25171406649053096,tune
0.0001,32,128,32,49,0.2098718765803746,0.24014837734401226,tune
0.0001,32,128,32,50,0.2032006102161748,0.2239876766502857,tune
0.0005,16,128,32,1,1.3470675419850482,,final_train
0.0005,16,128,32,2,0.4386748828821712,,final_train
0.0005,16,128,32,3,0.4102489042571849,,final_train
0.0005,16,128,32,4,0.3830325112822983,,final_train
0.0005,16,128,32,5,0.3651078423940473,,final_train
0.0005,16,128,32,6,0.3500017838097281,,final_train
0.0005,16,128,32,7,0.32850556645128465,,final_train
0.0005,16,128,32,8,0.30689555586212214,,final_train
0.0005,16,128,32,9,0.27359299067407844,,final_train
0.0005,16,128,32,10,0.22275873933815293,,final_train
0.0005,16,128,32,11,0.15999891748858822,,final_train
0.0005,16,128,32,12,0.13925929999185932,,final_train
0.0005,16,128,32,13,0.1360648798197508,,final_train
0.0005,16,128,32,14,0.12214299587118957,,final_train
0.0005,16,128,32,15,0.12362007336897983,,final_train
0.0005,16,128,32,16,0.09857917457612024,,final_train
0.0005,16,128,32,17,0.08829599556823571,,final_train
0.0005,16,128,32,18,0.07695851079498728,,final_train
0.0005,16,128,32,19,0.07984987873997954,,final_train
0.0005,16,128,32,20,0.07558373732078406,,final_train
0.0005,16,128,32,21,0.07427172492154771,,final_train
0.0005,16,128,32,22,0.06054396186230911,,final_train
0.0005,16,128,32,23,0.0624672262225714,,final_train
0.0005,16,128,32,24,0.05964450633877681,,final_train
0.0005,16,128,32,25,0.058963173081477485,,final_train
0.0005,16,128,32,26,0.06165384458791878,,final_train
0.0005,16,128,32,27,0.05917519024676747,,final_train
0.0005,16,128,32,28,0.0515209115927832,,final_train
0.0005,16,128,32,29,0.05098177933961981,,final_train
0.0005,16,128,32,30,0.061785374709094565,,final_train
0.0005,16,128,32,31,0.05278534133039001,,final_train
0.0005,16,128,32,32,0.04949263837498923,,final_train
0.0005,16,128,32,33,0.04960686256695125,,final_train
0.0005,16,128,32,34,0.052108472217805686,,final_train
0.0005,16,128,32,35,0.04659248523569355,,final_train
0.0005,16,128,32,36,0.055027889417380925,,final_train
0.0005,16,128,32,37,0.04887521502406647,,final_train
0.0005,16,128,32,38,0.04819353077664144,,final_train
0.0005,16,128,32,39,0.04778659445595824,,final_train
0.0005,16,128,32,40,0.051258013502746405,,final_train
0.0005,16,128,32,,,0.025093685518950224,final_test
